Token,LOC,PER,ORG,MISC
Parties,,,x,
Chapitres,,,,x
les,,,,x
septembres,,,,x
vers,,,,x
lasVille,x,,,
de,,,,x
Montereau,x,,,
spr,,,,
ssdespartir,,,,
sfumaits,,,,
sgrosstourbillonssdevantslesquaisSaint,,,,
Bernard,,,,
ssDessgenssarrivaientshorssd,,,,
haleines,,,,
sdessbarriques,,,,
sdessc,,,,
bles,,,,
sdesscorbeillessdeslingesg,,,,
naientslascirculations,,,,
slessmatelotssnesr,,,,
pondaients,,,,
spersonnes,,,,
sonssesheurtaits,,,,
slesscolissmontaientsentreslessdeuxstambours,,,,
setslestapagess,,,,
absorbaitsdansslesbruissementsdeslasvapeur,,,,
squi,,,,
ss,,,,
chappantsparsdessplaquessdest,,,,
le,,,,
senveloppaitstoutsd,,,,
unesnu,,,,
esblanch,,,,
tre,,,,
standissqueslascloche,,,,
s,,,,
sl,,,,
avant,,,,
stintaitssanssdiscontinuer,,,,
ssEnfinslesnavirespartits,,,,
setslessdeuxsberges,,,,
speupl,,,,
essdesmagasins,,,,
sdeschantierssetsd,,,,
usines,,,,
sfil,,,,
rentscommesdeuxslargessrubanssquesl,,,,
onsd,,,,
roule,,,,
ssUnsjeuneshommesdesdix,,,,
huitsans,,,,
s,,,,
slongsscheveuxsetsquistenaitsunsalbumssousssonsbras,,,,
srestaitsaupr,,,,
ssdusgouvernail,,,,
simmobile,,,,
sAstraversslesbrouillard,,,,
silscontemplaitsdessclochers,,,,
sdess,,,,
dificessdontsilsnessavaitspasslessnomss,,,,
spuissilsembrassa,,,,
sdanssunsdernierscoupsd,,,,
il,,,,
sl,,,,
lesSaint,x,,,
Louis,,,,
slasCit,,,,
sNotre,,,,
Dames,,,,
setsbient,,,,
t,,,,
sParissdisparaissant,,,,
silspoussasunsgrandssoupir,,,,
ssM,,,,
sFr,,,,
d,,,,
ricsMoreau,,,,
snouvellementsre,,,,
usbachelier,,,,
ss,,,,
ensretournaits,,,,
sNogent,,,,
sur,,,,
Seine,x,,,
so,,,,
silsdevaitslanguirspendantsdeuxsmois,,,,
savantsd,,,,
allersfairessonsdroit,,,,
sSasm,,,,
re,,,,
savecslassommesindispensable,,,,
sl,,,,
avaitsenvoy,,,,
sausHavresvoirsunsoncle,,,,
sdontsellesesp,,,,
rait,,,,
spourslui,,,,
sl,,,,
h,,,,
ritages,,,,
silsens,,,,
taitsrevenuslasveillesseulements,,,,
setsilssesd,,,,
dommageaitsdesnespouvoirss,,,,
journersdansslascapitale,,,,
sensregagnantssasprovincesparslasrouteslasplusslongue,,,,
ssLestumultess,,,,
apaisaits,,,,
stoussavaientsprissleursplaces,,,,
squelques,,,,
uns,,,,
sdebout,,,,
sseschauffaientsautoursdeslasmachine,,,,
setslaschemin,,,,
escrachaitsavecsunsr,,,,
leslentsetsrythmiquessonspanachesdesfum,,,,
esnoires,,,,
sdessgouttelettessdesros,,,,
escoulaientssurslesscuivress,,,,
slespontstremblaitssoussunespetitesvibrationsint,,,,
rieure,,,,
setslessdeuxsroues,,,,
stournantsrapidement,,,,
sbattaientsl,,,,
eau,,,,
ssLasrivi,,,,
res,,,,
taitsbord,,,,
esparsdessgr,,,,
vessdessable,,,,
sOnsrencontraitsdesstrainssdesboissquissesmettaients,,,,
sondulerssousslesremoussdessvagues,,,,
sousbien,,,,
sdanssunsbateaussanssvoiles,,,,
sunshommesassissp,,,,
chaits,,,,
spuisslessbrumesserrantesssesfondirent,,,,
slessoleilsparut,,,,
slascollinesquissuivaits,,,,
sdroiteslescourssdeslasSeinespeus,,,,
speuss,,,,
abaissa,,,,
setsilsenssurgitsunesautre,,,,
splussproche,,,,
ssurslasrivesoppos,,,,
e,,,,
ssDessarbresslascouronnaientsparmisdessmaisonssbassesscouvertessdestoitss,,,,
sl,,,,
italienne,,,,
sEllessavaientsdessjardinssenspentesquesdivisaientsdessmurssneufs,,,,
sdessgrillessdesfer,,,,
sdessgazons,,,,
sdessserresschaudes,,,,
setsdessvasessdesg,,,,
raniums,,,,
sespac,,,,
ssr,,,,
guli,,,,
rementssursdessterrassesso,,,,
sl,,,,
onspouvaitss,,,,
accouder,,,,
sPlussd,,,,
un,,,,
sensapercevantscesscoquettessr,,,,
sidences,,,,
ssistranquilles,,,,
senviaitsd,,,,
ens,,,,
treslespropri,,,,
taire,,,,
spoursvivresl,,,,
sjusqu,,,,
slasfinsdessessjours,,,,
savecsunsbonsbillard,,,,
suneschaloupe,,,,
sunesfemmesousquelquesautresr,,,,
ve,,,,
sLesplaisirstoutsnouveausd,,,,
unesexcursionsmaritimesfacilitaitsless,,,,
panchements,,,,
sD,,,,
j,,,,
slessfarceursscommen,,,,
aientsleurssplaisanteries,,,,
sBeaucoupschantaient,,,,
sOns,,,,
taitsgai,,,,
sIlssesversaitsdesspetitssverres,,,,
ssFr,,,,
d,,,,
ricspensaits,,,,
slaschambresqu,,,,
ilsoccuperaitsl,,,,
bas,,,,
sausplansd,,,,
unsdrame,,,,
s,,,,
sdesssujetssdestableaux,,,,
s,,,,
sdesspassionssfutures,,,,
sIlstrouvaitsqueslesbonheursm,,,,
rit,,,,
sparsl,,,,
excellencesdessons,,,,
mestardaits,,,,
svenir,,,,
sIlssesd,,,,
clamasdessverssm,,,,
lancoliquess,,,,
silsmarchaitssurslesponts,,,,
spassrapidess,,,,
silss,,,,
avan,,,,
asjusqu,,,,
ausbout,,,,
sdusc,,,,
t,,,,
sdeslascloches,,,,
s,,,,
set,,,,
sdanssunscerclesdespassagerssetsdesmatelots,,,,
silsvitsunsmonsieursquiscontaitsdessgalanteriess,,,,
sunespaysanne,,,,
stoutsensluismaniantslascroixsd,,,,
orsqu,,,,
ellesportaitssurslaspoitrine,,,,
sC,,,,
taitsunsgaillardsd,,,,
unesquarantainesd,,,,
ann,,,,
es,,,,
s,,,,
scheveuxscr,,,,
pus,,,,
sSastaillesrobustesemplissaitsunesjaquettesdesvelourssnoir,,,,
sdeuxs,,,,
meraudessbrillaients,,,,
ssaschemisesdesbatiste,,,,
setssonslargespantalonsblancstombaitssursd,,,,
trangessbottessrouges,,,,
senscuirsdesRussie,,,,
srehauss,,,,
essdesdessinssbleus,,,,
ssLaspr,,,,
sencesdesFr,,,,
d,,,,
ricsneslesd,,,,
rangeaspas,,,,
sIlssestournasverssluisplusieurssfois,,,,
sensl,,,,
interpellantsparsdessclinssd,,,,
ils,,,,
sensuitesilsoffritsdesscigaress,,,,
stoussceuxsquisl,,,,
entouraient,,,,
sMais,,,,
sennuy,,,,
sdescettescompagnie,,,,
ssanssdoute,,,,
silsallassesmettresplussloin,,,,
sFr,,,,
d,,,,
ricslessuivit,,,,
ssLasconversationsroulasd,,,,
abordssurslessdiff,,,,
rentessesp,,,,
cessdestabacs,,,,
spuis,,,,
stoutsnaturellement,,,,
ssurslessfemmes,,,,
sLesmonsieursensbottessrougessdonnasdessconseilssausjeuneshommes,,,,
silsexposaitsdessth,,,,
ories,,,,
snarraitsdessanecdotes,,,,
ssescitaitslui,,,,
m,,,,
mesensexemple,,,,
sd,,,,
bitantstoutscelasd,,,,
unstonspaterne,,,,
savecsunesing,,,,
nuit,,,,
sdescorruptionsdivertissante,,,,
ssIls,,,,
taitsr,,,,
publicains,,,,
silsavaitsvoyag,,,,
silsconnaissaitsl,,,,
int,,,,
rieursdessth,,,,
tres,,,,
sdessrestaurants,,,,
sdessjournaux,,,,
setstousslessartistessc,,,,
l,,,,
bres,,,,
squ,,,,
ilsappelaitsfamili,,,,
rementsparsleursspr,,,,
nomss,,,,
sFr,,,,
d,,,,
ricsluisconfiasbient,,,,
tssessprojetss,,,,
silslessencouragea,,,,
ssMaissilss,,,,
interrompitspoursobserverslestuyausdeslaschemin,,,,
e,,,,
spuissilsmarmottasvitesunslongscalcul,,,,
safinsdessavoirs,,,,
scombienschaquescoupsdespiston,,,,
s,,,,
stantsdesfoissparsminute,,,,
sdevait,,,,
setc,,,,
s,,,,
s,,,,
sEt,,,,
slassommestrouv,,,,
e,,,,
silsadmirasbeaucoupslespaysage,,,,
sIlssesdisaitsheureuxsd,,,,
tres,,,,
chapp,,,,
sauxsaffaires,,,,
ssFr,,,,
d,,,,
rics,,,,
prouvaitsunscertainsrespectspourslui,,,,
setsnesr,,,,
sistaspass,,,,
sl,,,,
enviesdessavoirssonsnom,,,,
sL,,,,
inconnusr,,,,
ponditstoutsd,,,,
uneshaleines,,,,
ss,,,,
sJacquessArnouxspropri,,,,
tairesdesl,,,,
Artsindustriel,,,,
sboulevardsMontmartre,,,,
s,,,,
ssUnsdomestiquesayantsunsgalonsd,,,,
ors,,,,
slascasquettesvintsluisdires,,,,
ss,,,,
sSisMonsieursvoulaitsdescendres,,,,
sMademoisellespleure,,,,
s,,,,
ssIlsdisparut,,,,
ssL,,,,
Artsindustriels,,,,
taitsuns,,,,
tablissementshybride,,,,
scomprenantsunsjournalsdespeinturesetsunsmagasinsdestableaux,,,,
sFr,,,,
d,,,,
ricsavaitsvuscestitre,,,,
l,,,,
splusieurssfois,,,,
s,,,,
sl,,,,
talagesduslibrairesdessonspayssnatal,,,,
ssursd,,,,
immensessprospectus,,,,
so,,,,
slesnomsdesJacquessArnouxssesd,,,,
veloppaitsmagistralement,,,,
ssLessoleilsdardaitsd,,,,
aplomb,,,,
sensfaisantsreluireslessgabillotssdesfersautoursdessm,,,,
ts,,,,
slessplaquessdusbastingagesetslassurfacesdesl,,,,
eaus,,,,
sellessescoupaits,,,,
slasprouesensdeuxssillons,,,,
squissesd,,,,
roulaientsjusqu,,,,
ausbordsdessprairies,,,,
sAschaquesd,,,,
toursdeslasrivi,,,,
re,,,,
sonsretrouvaitslesm,,,,
mesrideausdespeuplierssp,,,,
les,,,,
sLascampagnes,,,,
taitstoutesvide,,,,
sIlsysavaitsdansslescielsdespetitssnuagessblancssarr,,,,
t,,,,
s,,,,
s,,,,
setsl,,,,
ennui,,,,
svaguementsr,,,,
pandu,,,,
ssemblaitsalanguirslasmarchesdusbateausetsrendresl,,,,
aspectsdessvoyageurssplussinsignifiantsencore,,,,
ss,,,,
spartsquelquessbourgeois,,,,
sauxsPremi,,,,
res,,,,
sc,,,,
taientsdessouvriers,,,,
sdessgenssdesboutiquesavecsleurssfemmessetsleurssenfants,,,,
sCommesonsavaitscoutumesalorssdessesv,,,,
tirssordidementsensvoyage,,,,
spresquestoussportaientsdesvieillesscalottessgrecquessousdesschapeauxsd,,,,
teints,,,,
sdesmaigresshabitssnoirs,,,,
sr,,,,
p,,,,
ssparslesfrottementsdusbureau,,,,
sousdessredingotessouvrantslascapsulesdesleurssboutonsspoursavoirstropsservisausmagasins,,,,
s,,,,
setsl,,,,
squelquesgilets,,,,
sch,,,,
leslaissaitsvoirsuneschemisesdescalicot,,,,
smacul,,,,
esdescaf,,,,
s,,,,
sdess,,,,
pinglessdeschrysocalespiquaientsdesscravatessenslambeauxs,,,,
sdesssous,,,,
piedsscousussretenaientsdesschaussonssdeslisi,,,,
res,,,,
sdeuxsoustroissgredinssquistenaientsdessbambouss,,,,
sgansesdescuirslan,,,,
aientsdessregardssobliques,,,,
setsdessp,,,,
ressdesfamillesouvraientsdesgrossyeux,,,,
sensfaisantsdessquestions,,,,
sIlsscausaientsdebout,,,,
sousbiensaccroupisssursleurssbagagess,,,,
sd,,,,
autressdormaientsdanssdesscoinss,,,,
splusieurssmangeaient,,,,
sLesponts,,,,
taitssalisparsdess,,,,
calessdesnoix,,,,
sdessboutssdescigares,,,,
sdesspeluressdespoires,,,,
sdessd,,,,
tritussdescharcuteriesapport,,,,
esdanssduspapiers,,,,
stroiss,,,,
b,,,,
nistes,,,,
sensblouse,,,,
sstationnaientsdevantslascantines,,,,
sunsjoueursdesharpesenshaillonsssesreposait,,,,
saccoud,,,,
ssurssonsinstruments,,,,
sonsentendaitsparsintervallesslesbruitsduscharbonsdesterresdansslesfourneau,,,,
suns,,,,
clatsdesvoix,,,,
sunsrires,,,,
s,,,,
setslescapitaine,,,,
ssurslaspasserelle,,,,
smarchaitsd,,,,
unstambours,,,,
sl,,,,
autre,,,,
ssansss,,,,
arr,,,,
ter,,,,
sFr,,,,
d,,,,
ric,,,,
spoursrejoindressasplace,,,,
spoussaslasgrillesdessPremi,,,,
res,,,,
sd,,,,
rangeasdeuxschasseurssavecsleursschiens,,,,
ssCesfutscommesunesapparitions,,,,
ssElles,,,,
taitsassise,,,,
sausmilieusdusbanc,,,,
stoutesseules,,,,
sousdusmoinssilsnesdistinguaspersonne,,,,
sdanssl,,,,
blouissementsquesluisenvoy,,,,
rentssessyeux,,,,
sEnsm,,,,
mestempssqu,,,,
ilspassait,,,,
selleslevaslast,,,,
tes,,,,
silsfl,,,,
chitsinvolontairementsless,,,,
pauless,,,,
set,,,,
squandsilssesfutsmissplussloin,,,,
sdusm,,,,
mesc,,,,
t,,,,
silslasregarda,,,,
ssEllesavaitsunslargeschapeausdespaille,,,,
savecsdessrubanssrosessquispalpitaientsausvent,,,,
sderri,,,,
reselle,,,,
sSessbandeauxsnoirs,,,,
scontournantslaspointesdessessgrandsssourcils,,,,
sdescendaientstr,,,,
ssbassetssemblaientspressersamoureusementsl,,,,
ovalesdessasfigure,,,,
sSasrobesdesmousselinesclaire,,,,
stachet,,,,
esdespetitsspois,,,,
ssesr,,,,
pandaits,,,,
splissnombreux,,,,
sElles,,,,
taitsenstrainsdesbrodersquelqueschoses,,,,
setssonsnezsdroit,,,,
ssonsmenton,,,,
stoutessaspersonnessesd,,,,
coupaitssurslesfondsdesl,,,,
airsbleu,,,,
ssCommesellesgardaitslasm,,,,
mesattitude,,,,
silsfitsplusieursstourssdesdroitesetsdesgauchespoursdissimulerssasman,,,,
uvres,,,,
spuissilssesplantastoutspr,,,,
ssdessonsombrelle,,,,
spos,,,,
escontreslesbanc,,,,
setsilsaffectaitsd,,,,
observersuneschaloupessurslasrivi,,,,
re,,,,
ssJamaissilsn,,,,
avaitsvuscettessplendeursdessaspeausbrune,,,,
slass,,,,
ductionsdessastaille,,,,
sniscettesfinessesdessdoigtssqueslaslumi,,,,
restraversait,,,,
sIlsconsid,,,,
raitssonspaniers,,,,
souvragesavecs,,,,
bahissement,,,,
scommesuneschosesextraordinaire,,,,
sQuelss,,,,
taientssonsnom,,,,
ssasdemeure,,,,
ssasvie,,,,
ssonspass,,,,
s,,,,
sIlssouhaitaitsconna,,,,
treslessmeublessdessaschambre,,,,
stoutesslessrobessqu,,,,
ellesavaitsport,,,,
es,,,,
slessgenssqu,,,,
ellesfr,,,,
quentaits,,,,
setslesd,,,,
sirsdeslaspossessionsphysiquesm,,,,
mesdisparaissaitssoussunesenviesplussprofonde,,,,
sdanssunescuriosit,,,,
sdouloureusesquisn,,,,
avaitspassdeslimites,,,,
ssUnesn,,,,
gresse,,,,
scoiff,,,,
esd,,,,
unsfoulard,,,,
ssespr,,,,
senta,,,,
senstenantsparslasmainsunespetitesfille,,,,
sd,,,,
j,,,,
sgrande,,,,
sL,,,,
enfant,,,,
sdontslessyeuxsroulaientsdesslarmes,,,,
svenaitsdess,,,,
veiller,,,,
sElleslaspritssurssessgenoux,,,,
s,,,,
sMademoisellesn,,,,
taitspasssage,,,,
squoiqu,,,,
ellese,,,,
tsseptsanssbient,,,,
ts,,,,
ssasm,,,,
resnesl,,,,
aimeraitspluss,,,,
sonsluispardonnaitstropssesscaprices,,,,
s,,,,
sEtsFr,,,,
d,,,,
ricssesr,,,,
jouissaitsd,,,,
entendrescesschoses,,,,
scommess,,,,
ilse,,,,
tsfaitsunesd,,,,
couverte,,,,
sunesacquisition,,,,
ssIlslassupposaitsd,,,,
originesandalouse,,,,
scr,,,,
olespeut,,,,
tres,,,,
sellesavaitsramen,,,,
sdess,,,,
lesscettesn,,,,
gressesavecselles,,,,
ssCependant,,,,
sunslongsch,,,,
les,,,,
sbandessviolettess,,,,
taitsplac,,,,
sderri,,,,
ressonsdos,,,,
ssurslesbordagesdescuivre,,,,
sEllesavaitsd,,,,
sbiensdessfois,,,,
sausmilieusdeslasmer,,,,
sdurantslesssoirsshumides,,,,
sensenvelopperssastaille,,,,
ss,,,,
enscouvrirslesspieds,,,,
sdormirsdedanss,,,,
sMais,,,,
sentra,,,,
n,,,,
sparslessfranges,,,,
silsglissaitspeus,,,,
speu,,,,
silsallaitstombersdanssl,,,,
eau,,,,
sFr,,,,
d,,,,
ricsfitsunsbondsetslesrattrapa,,,,
sEllesluisdits,,,,
ss,,,,
sJesvoussremercie,,,,
smonsieur,,,,
s,,,,
ssLeurssyeuxssesrencontr,,,,
rent,,,,
ss,,,,
sMasfemme,,,,
ses,,,,
tuspr,,,,
tes,,,,
s,,,,
scriaslessieursArnoux,,,,
sapparaissantsdansslescapotsdesl,,,,
escalier,,,,
ssMllesMarthescourutsversslui,,,,
set,,,,
scramponn,,,,
es,,,,
ssonscou,,,,
sellestiraitssessmoustaches,,,,
sLesssonssd,,,,
unesharpesretentirent,,,,
sellesvoulutsvoirslasmusiques,,,,
setsbient,,,,
tslesjoueursd,,,,
instrument,,,,
samen,,,,
sparslasn,,,,
gresse,,,,
sentrasdansslessPremi,,,,
res,,,,
sArnouxslesreconnutspoursunsanciensmod,,,,
les,,,,
silslestutoya,,,,
scesquissurpritslessassistants,,,,
sEnfinslesharpistesrejetassesslongsscheveuxsderri,,,,
ressess,,,,
paules,,,,
s,,,,
tenditslessbrassetssesmits,,,,
sjouer,,,,
ssC,,,,
taitsunesromancesorientale,,,,
so,,,,
sils,,,,
taitsquestionsdespoignards,,,,
sdesfleurssetsd,,,,
toiles,,,,
sL,,,,
hommesenshaillonsschantaitscelasd,,,,
unesvoixsmordantes,,,,
slessbattementssdeslasmachinescoupaientslasm,,,,
lodies,,,,
sfaussesmesures,,,,
silspin,,,,
aitsplussforts,,,,
slesscordessvibraient,,,,
setsleursssonssm,,,,
talliquesssemblaientsexhalersdesssanglots,,,,
setscommeslasplaintesd,,,,
unsamoursorgueilleuxsetsvaincu,,,,
sDessdeuxsc,,,,
t,,,,
ssdeslasrivi,,,,
re,,,,
sdessboisss,,,,
inclinaientsjusqu,,,,
ausbordsdesl,,,,
eaus,,,,
sunscourantsd,,,,
airsfraisspassaits,,,,
sMmesArnouxsregardaitsausloinsd,,,,
unesmani,,,,
resvague,,,,
sQuandslasmusiquess,,,,
arr,,,,
ta,,,,
sellesremuaslesspaupi,,,,
ressplusieurssfois,,,,
scommessisellessortaitsd,,,,
unssonge,,,,
ssLesharpistess,,,,
approchasd,,,,
eux,,,,
shumblement,,,,
sPendantsqu,,,,
Arnouxscherchaitsdeslasmonnaie,,,,
sFr,,,,
d,,,,
ricsallongeasversslascasquettessasmainsferm,,,,
e,,,,
set,,,,
sl,,,,
ouvrantsavecspudeur,,,,
silsysd,,,,
posasunslouissd,,,,
or,,,,
sCesn,,,,
taitspasslasvanit,,,,
squisJespoussaits,,,,
sfairescettesaum,,,,
nesdevantselle,,,,
smaissunespens,,,,
esdesb,,,,
n,,,,
dictionso,,,,
silsl,,,,
associait,,,,
sunsmouvementsdesc,,,,
urspresquesreligieux,,,,
ssArnoux,,,,
sensluismontrantsleschemin,,,,
sl,,,,
engageascordialements,,,,
sdescendre,,,,
sFr,,,,
d,,,,
ricsaffirmasqu,,,,
ilsvenaitsdesd,,,,
jeuners,,,,
silssesmouraitsdesfaim,,,,
sauscontraires,,,,
setsilsnesposs,,,,
daitsplussunscentimesausfondsdessasbourse,,,,
ssEnsuitesilssongeasqu,,,,
ilsavaitsbienslesdroit,,,,
scommesunsautre,,,,
sdessestenirsdansslaschambre,,,,
ssAutoursdesstablessrondes,,,,
sdessbourgeoissmangeaient,,,,
sunsgar,,,,
onsdescaf,,,,
scirculaits,,,,
sM,,,,
setsMmesArnouxs,,,,
taientsdansslesfond,,,,
s,,,,
sdroites,,,,
silss,,,,
assitssurslaslonguesbanquettesdesvelours,,,,
sayantsramass,,,,
sunsjournalsquissestrouvaitsl,,,,
ssIlssdevaient,,,,
s,,,,
sMontereau,,,,
sprendreslasdiligencesdesCh,,,,
lons,,,,
sLeursvoyagesensSuissesdureraitsunsmois,,,,
sMmesArnouxsbl,,,,
massonsmarisdessasfaiblessespourssonsenfant,,,,
sIlschuchotasdansssonsoreille,,,,
sunesgracieuset,,,,
ssanssdoute,,,,
scarsellessourit,,,,
sPuissilssesd,,,,
rangeaspoursfermersderri,,,,
ressonscouslesrideausdeslasfen,,,,
tre,,,,
ssLesplafond,,,,
sbassetstoutsblanc,,,,
srabattaitsuneslumi,,,,
rescrue,,,,
sFr,,,,
d,,,,
ric,,,,
sensface,,,,
sdistinguaitsl,,,,
ombresdessesscils,,,,
sEllestrempaitssessl,,,,
vressdansssonsverre,,,,
scassaitsunspeusdescro,,,,
tesentressessdoigtss,,,,
slesm,,,,
daillonsdeslapis,,,,
lazuli,,,,
sattach,,,,
sparsunescha,,,,
nettesd,,,,
ors,,,,
ssonspoignet,,,,
sdestempss,,,,
sautressonnaitscontressonsassiette,,,,
sCeuxsquis,,,,
taientsl,,,,
spourtant,,,,
sn,,,,
avaientspassl,,,,
airsdeslasremarquer,,,,
ssQuelquefois,,,,
sparslesshublots,,,,
sonsvoyaitsglisserslesflancsd,,,,
unesbarquesquisaccostaitslesnavirespoursprendresousd,,,,
posersdessvoyageurs,,,,
sLessgenssattabl,,,,
sssespenchaientsauxsouverturessetsnommaientslesspayssriverains,,,,
ssArnouxssesplaignaitsdeslascuisines,,,,
silssesr,,,,
criasconsid,,,,
rablementsdevantsl,,,,
addition,,,,
setsilslasfitsr,,,,
duire,,,,
sPuissilsemmenaslesjeuneshommes,,,,
sl,,,,
avantsdusbateauspoursboiresdessgrogs,,,,
sMaissFr,,,,
d,,,,
ricss,,,,
ensretournasbient,,,,
tssousslastente,,,,
so,,,,
sMmesArnouxs,,,,
taitsrevenue,,,,
sElleslisaitsunsmincesvolumes,,,,
scouverturesgrise,,,,
sLessdeuxscoinssdessasbouchessesrelevaientsparsmoments,,,,
setsuns,,,,
clairsdesplaisirsilluminaitssonsfront,,,,
sIlsjalousasceluisquisavaitsinvent,,,,
scesschosessdontsellesparaissaitsoccup,,,,
e,,,,
sPlussilslascontemplait,,,,
splussilssentaitsentresellesetsluissescreusersdessab,,,,
mes,,,,
sIlssongeaitsqu,,,,
ilsfaudraitslasquitterstouts,,,,
sl,,,,
heure,,,,
sirr,,,,
vocablement,,,,
ssanssensavoirsarrach,,,,
sunesparole,,,,
ssanssluislaissersm,,,,
mesunssouvenirs,,,,
ssUnesplainess,,,,
tendaits,,,,
sdroites,,,,
s,,,,
sgauchesunsherbagesallaitsdoucementsrejoindresunescolline,,,,
so,,,,
sl,,,,
onsapercevaitsdessvignobles,,,,
sdessnoyers,,,,
sunsmoulinsdansslasverdure,,,,
setsdesspetitsscheminssau,,,,
del,,,,
sformantsdesszigzagsssurslasrochesblanchesquistouchaitsausbordsdusciel,,,,
sQuelsbonheursdesmontersc,,,,
tes,,,,
sc,,,,
te,,,,
slesbrassautoursdessastaille,,,,
spendantsquessasrobesbalayeraitslessfeuillessjaunies,,,,
sens,,,,
coutantssasvoix,,,,
ssousslesrayonnementsdessessyeuxs,,,,
sLesbateauspouvaitss,,,,
arr,,,,
ter,,,,
silssn,,,,
avaientsqu,,,,
sdescendres,,,,
setscetteschosesbienssimplesn,,,,
taitspassplussfacile,,,,
scependant,,,,
squesdesremuerslessoleils,,,,
ssUnspeusplussloin,,,,
sonsd,,,,
couvritsunsch,,,,
teau,,,,
s,,,,
stoitspointu,,,,
savecsdesstourellesscarr,,,,
es,,,,
sUnsparterresdesfleursss,,,,
talaitsdevantssasfa,,,,
ades,,,,
setsdessavenuesss,,,,
enfon,,,,
aient,,,,
scommesdessvo,,,,
tessnoires,,,,
ssousslesshautsstilleuls,,,,
sIlsseslasfiguraspassantsausbordsdesscharmilles,,,,
sAscesmoment,,,,
sunesjeunesdamesetsunsjeuneshommessesmontr,,,,
rentssurslesperron,,,,
sentreslesscaissessd,,,,
orangers,,,,
sPuisstoutsdisparut,,,,
ssLaspetitesfillesjouaitsautoursdeslui,,,,
sFr,,,,
d,,,,
ricsvoulutslasbaiser,,,,
sEllessescachasderri,,,,
ressasbonnes,,,,
ssasm,,,,
reslasgrondasdesn,,,,
trespassaimablespourslesmonsieursquisavaitssauv,,,,
ssonsch,,,,
le,,,,
sEtait,,,,
cesunesouverturesindirectes,,,,
ss,,,,
sVa,,,,
t,,,,
ellesenfinsmesparlers,,,,
s,,,,
ssesdemandait,,,,
il,,,,
ssLestempsspressait,,,,
sCommentsobtenirsunesinvitationschezsArnouxs,,,,
sEtsilsn,,,,
imaginasriensdesmieuxsquesdesluisfairesremarquerslascouleursdesl,,,,
automne,,,,
sensajoutants,,,,
ss,,,,
sVoil,,,,
sbient,,,,
tsl,,,,
hiver,,,,
slassaisonsdessbalssetsdessd,,,,
nerss,,,,
s,,,,
ssMaissArnouxs,,,,
taitstoutsoccup,,,,
sdessessbagages,,,,
sLasc,,,,
tesdesSurvillesapparut,,,,
slessdeuxspontsssesrapprochaient,,,,
sonslongeasunescorderie,,,,
sensuitesunesrang,,,,
esdesmaisonssbassess,,,,
silsysavait,,,,
sensdessous,,,,
sdessmarmitessdesgoudron,,,,
sdess,,,,
clatssdesboiss,,,,
setsdessgaminsscouraientssurslessable,,,,
sensfaisantslasroue,,,,
sFr,,,,
d,,,,
ricsreconnutsunshommesavecsunsgilets,,,,
smanches,,,,
silsluiscrias,,,,
ss,,,,
sD,,,,
p,,,,
che,,,,
toi,,,,
s,,,,
ssOnsarrivait,,,,
sIlscherchasp,,,,
niblementsArnouxsdansslasfoulesdesspassagers,,,,
setsl,,,,
autresr,,,,
ponditsensluisserrantslasmains,,,,
ss,,,,
sAusplaisir,,,,
schersmonsieurs,,,,
s,,,,
ssQuandsilsfutssurslesquai,,,,
sFr,,,,
d,,,,
ricssesretourna,,,,
sElles,,,,
taitspr,,,,
ssdusgouvernail,,,,
sdebout,,,,
sIlsluisenvoyasunsregardso,,,,
silsavaitst,,,,
ch,,,,
sdesmettrestoutessons,,,,
mescommess,,,,
ilsn,,,,
e,,,,
tsriensfait,,,,
sellesdemeurasimmobile,,,,
sPuis,,,,
ssanss,,,,
gardsauxssalutationssdessonsdomestiques,,,,
ss,,,,
sPourquoisn,,,,
as,,,,
tuspassamen,,,,
slasvoituresjusqu,,,,
icis,,,,
s,,,,
ssLesbonhommess,,,,
excusait,,,,
ss,,,,
sQuelsmaladroits,,,,
sDonne,,,,
moisdesl,,,,
argents,,,,
s,,,,
sEtsilsallasmangersdanssunesauberge,,,,
ssUnsquartsd,,,,
heuresapr,,,,
s,,,,
silseutsenviesd,,,,
entrerscommesparshasardsdansslascoursdessdiligences,,,,
sIlslasverraitsencore,,,,
speut,,,,
tres,,,,
ss,,,,
sAsquoisbons,,,,
s,,,,
ssesdit,,,,
il,,,,
ssEtsl,,,,
am,,,,
ricainesl,,,,
emporta,,,,
sLessdeuxschevauxsn,,,,
appartenaientspass,,,,
ssasm,,,,
re,,,,
sEllesavaitsemprunt,,,,
sceluisdesM,,,,
sChambrion,,,,
slesreceveur,,,,
spoursl,,,,
attelersaupr,,,,
ssdussien,,,,
sIsidore,,,,
spartislasveille,,,,
ss,,,,
taitsrepos,,,,
s,,,,
sBraysjusqu,,,,
aussoirsetsavaitscouch,,,,
s,,,,
sMontereau,,,,
ssisbiensqueslessb,,,,
tessrafra,,,,
chiesstrottaientslestement,,,,
ssDesschampssmoissonn,,,,
sssesprolongeaients,,,,
sn,,,,
ensplussfinir,,,,
sDeuxslignessd,,,,
arbressbordaientslasroute,,,,
slesstassdescaillouxssessucc,,,,
daients,,,,
setspeus,,,,
speu,,,,
sVilleneuve,,,,
Saint,,,,
Georges,,,,
sAblon,,,,
sCh,,,,
tillon,,,,
sCorbeilsetslessautresspays,,,,
stoutssonsvoyagesluisrevints,,,,
slasm,,,,
moire,,,,
sd,,,,
unesfa,,,,
onssisnettesqu,,,,
ilsdistinguaitsmaintenantsdessd,,,,
tailssnouveaux,,,,
sdessparticularit,,,,
ssplussintimess,,,,
ssousslesderniersvolantsdessasrobe,,,,
ssonspiedspassaitsdanssunesmincesbottinesenssoie,,,,
sdescouleursmarrons,,,,
slastentesdescoutilsformaitsunslargesdaisssurssast,,,,
te,,,,
setslesspetitssglandssrougessdeslasbordurestremblaients,,,,
slasbrise,,,,
sperp,,,,
tuellement,,,,
ssEllesressemblaitsauxsfemmessdesslivressromantiques,,,,
sIlsn,,,,
auraitsvoulusriensajouter,,,,
sriensretranchers,,,,
ssaspersonne,,,,
sL,,,,
universsvenaitstouts,,,,
scoupsdess,,,,
largir,,,,
sElles,,,,
taitslespointslumineuxso,,,,
sl,,,,
ensemblesdesschosessconvergeaits,,,,
set,,,,
sberc,,,,
sparslesmouvementsdeslasvoiture,,,,
slesspaupi,,,,
ress,,,,
sdemiscloses,,,,
slesregardsdansslessnuages,,,,
silss,,,,
abandonnaits,,,,
sunesjoiesr,,,,
veusesetsinfinie,,,,
ss,,,,
sBray,,,,
silsn,,,,
attenditspassqu,,,,
onse,,,,
tsdonn,,,,
sl,,,,
avoine,,,,
silsallasdevant,,,,
ssurslasroute,,,,
stoutsseul,,,,
sArnouxsl,,,,
avaitsappel,,,,
es,,,,
sMaries,,,,
s,,,,
sIlscriastr,,,,
sshauts,,,,
sMaries,,,,
s,,,,
sSasvoixssesperditsdanssl,,,,
air,,,,
ssUneslargescouleursdespourpresenflammaitslesciels,,,,
sl,,,,
occident,,,,
sDesgrossessmeulessdesbl,,,,
squisseslevaientsausmilieusdesschaumes,,,,
sprojetaientsdessombressg,,,,
antes,,,,
sUnschienssesmits,,,,
saboyersdanssunesferme,,,,
sausloin,,,,
sIlsfrissonna,,,,
sprissd,,,,
unesinqui,,,,
tudessansscause,,,,
ssQuandsIsidoresl,,,,
eutsrejoint,,,,
silssespla,,,,
assurslessi,,,,
gespoursconduire,,,,
sSasd,,,,
faillances,,,,
taitspass,,,,
e,,,,
sIls,,,,
taitsbiensr,,,,
solus,,,,
ss,,,,
introduire,,,,
sn,,,,
importescomment,,,,
schezslessArnoux,,,,
sets,,,,
ssesliersavecseux,,,,
sLeursmaisonsdevaits,,,,
tresamusante,,,,
sArnouxsluisplaisaitsd,,,,
ailleurss,,,,
spuis,,,,
squissaits,,,,
sAlors,,,,
sunsflotsdessangsluismontasausvisages,,,,
ssesstempessbourdonnaient,,,,
silsfitsclaquerssonsfouet,,,,
ssecouaslessr,,,,
nes,,,,
setsilsmenaitslesschevauxstelstrain,,,,
squeslesvieuxscochersr,,,,
p,,,,
taits,,,,
ss,,,,
sDoucements,,,,
sdoucementsvousslessrendrezspoussifs,,,,
s,,,,
ssPeus,,,,
speusFr,,,,
d,,,,
ricssescalma,,,,
setsils,,,,
coutasparlerssonsdomestique,,,,
ssOnsattendaitsMonsieursavecsgrandesimpatience,,,,
sMllesLouisesavaitspleur,,,,
spourspartirsdansslasvoiture,,,,
ss,,,,
sQu,,,,
est,,,,
cesdonc,,,,
sMllesLouises,,,,
ss,,,,
sLaspetites,,,,
sM,,,,
sRoque,,,,
svousssavezs,,,,
ss,,,,
sAhs,,,,
sj,,,,
oubliaiss,,,,
s,,,,
sr,,,,
pliquasFr,,,,
d,,,,
ric,,,,
sn,,,,
gligemment,,,,
ssCependant,,,,
slessdeuxschevauxsn,,,,
enspouvaientsplus,,,,
sIlssboitaientsl,,,,
unsetsl,,,,
autres,,,,
setsneufsheuresssonnaients,,,,
sSaint,,,,
Laurentslorsqu,,,,
ilsarrivassurslasplacesd,,,,
Armes,,,,
sdevantslasmaisonsdessasm,,,,
re,,,,
sCettesmaison,,,,
sspacieuse,,,,
savecsunsjardinsdonnantssurslascampagne,,,,
sajoutaits,,,,
slasconsid,,,,
rationsdesMmesMoreau,,,,
squis,,,,
taitslaspersonnesduspaysslasplussrespect,,,,
e,,,,
ssEllessortaitsd,,,,
unesvieillesfamillesdesgentilshommes,,,,
s,,,,
teintesmaintenant,,,,
sSonsmari,,,,
sunspl,,,,
b,,,,
iensquessessparentssluisavaientsfaits,,,,
pouser,,,,
s,,,,
taitsmortsd,,,,
unscoupsd,,,,
p,,,,
e,,,,
spendantssasgrossesse,,,,
sensluislaissantsunesfortunescompromise,,,,
sEllesrecevaitstroissfoisslassemainesetsdonnaitsdestempss,,,,
sautresunsbeausd,,,,
ner,,,,
sMaisslesnombresdessbougiess,,,,
taitscalcul,,,,
sd,,,,
avance,,,,
setsellesattendaitsimpatiemmentssessfermages,,,,
sCettesg,,,,
ne,,,,
sdissimul,,,,
escommesunsvice,,,,
slasrendaitss,,,,
rieuse,,,,
sCependant,,,,
ssasvertuss,,,,
exer,,,,
aitssanss,,,,
talagesdespruderie,,,,
ssanssaigreur,,,,
sSessmoindresscharit,,,,
sssemblaientsdesgrandessaum,,,,
nes,,,,
sOnslasconsultaitssursleschoixsdessdomestiques,,,,
sl,,,,
ducationsdessjeunessfilles,,,,
sl,,,,
artsdessconfitures,,,,
setsMonseigneursdescendaitschezsellesdansssesstourn,,,,
ess,,,,
piscopales,,,,
ssMmesMoreausnourrissaitsuneshautesambitionspourssonsfils,,,,
sEllesn,,,,
aimaitspass,,,,
sentendresbl,,,,
merslesGouvernement,,,,
sparsunessortesdesprudencesanticip,,,,
e,,,,
sIlsauraitsbesoinsdesprotectionssd,,,,
abords,,,,
spuis,,,,
sgr,,,,
ces,,,,
ssessmoyens,,,,
silsdeviendraitsconseillersd,,,,
Etat,,,,
sambassadeur,,,,
sministre,,,,
sSesstriomphessauscoll,,,,
gesdesSenssl,,,,
gitimaientscetsorgueilsilsavaitsremport,,,,
slesprixsd,,,,
honneur,,,,
ssQuandsilsentrasdansslessalon,,,,
stoussseslev,,,,
rents,,,,
sgrandsbruit,,,,
sonsl,,,,
embrassas,,,,
setsavecslessfauteuilssetslesschaisessonsfitsunslargesdemi,,,,
cerclesautoursdeslaschemin,,,,
e,,,,
sM,,,,
sGamblinsluisdemandasimm,,,,
diatementssonsopinionssursMmesLafargel,,,,
sCesproc,,,,
s,,,,
slasfureursdesl,,,,
poque,,,,
snesmanquaspassd,,,,
amenersunesdiscussionsviolentes,,,,
sMmesMoreausl,,,,
arr,,,,
ta,,,,
sausregretstoutefoissdesM,,,,
sGamblins,,,,
silslasjugeaitsutilespourslesjeuneshomme,,,,
senssasqualit,,,,
sdesfutursjurisconsulte,,,,
setsilssortitsdussalon,,,,
spiqu,,,,
ssRiensnesdevaitssurprendresdanssunsamisdusp,,,,
resRoquesAspropossdusp,,,,
resRoque,,,,
sonsparlasdesM,,,,
sDambreuse,,,,
squisvenaitsd,,,,
acqu,,,,
rirslesdomainesdeslasFortelle,,,,
sMaisslesPercepteursavaitsentra,,,,
n,,,,
sFr,,,,
d,,,,
rics,,,,
sl,,,,
cart,,,,
spourssavoirscesqu,,,,
ilspensaitsdusderniersouvragesdesM,,,,
sGuizot,,,,
sToussd,,,,
siraientsconna,,,,
tressessaffairess,,,,
setsMmesBeno,,,,
tss,,,,
yspritsadroitementsenss,,,,
informantsdessonsoncle,,,,
sCommentsallaitscesbonsparents,,,,
sIlsnesdonnaitsplussdessessnouvelles,,,,
sN,,,,
avait,,,,
ilspassunsarri,,,,
re,,,,
cousinsensAm,,,,
riques,,,,
ssLascuisini,,,,
resannon,,,,
asqueslespotagesdesMonsieurs,,,,
taitsservi,,,,
sOnssesretira,,,,
sparsdiscr,,,,
tion,,,,
sPuis,,,,
sd,,,,
ssqu,,,,
ilssfurentsseuls,,,,
sdansslassalle,,,,
ssasm,,,,
resluisdit,,,,
s,,,,
svoixsbasses,,,,
ss,,,,
sEhsbiens,,,,
s,,,,
ssLesvieillardsl,,,,
avaitsre,,,,
ustr,,,,
sscordialement,,,,
smaisssanssmontrerssessintentions,,,,
ssMmesMoreaussoupira,,,,
ss,,,,
sO,,,,
sest,,,,
elle,,,,
s,,,,
spr,,,,
sents,,,,
s,,,,
ssongeait,,,,
il,,,,
ssLasdiligencesroulait,,,,
set,,,,
senvelopp,,,,
esdansslesch,,,,
lessanssdoute,,,,
sellesappuyaitscontreslesdrapsduscoup,,,,
ssasbellest,,,,
tesendormie,,,,
ssIlssmontaientsdanssleursschambressquandsunsgar,,,,
onsdusCygnesdeslasCroixsapportasunsbillet,,,,
ss,,,,
sQu,,,,
est,,,,
cesdoncs,,,,
ss,,,,
sC,,,,
estsDeslaurierssquisasbesoinsdesmois,,,,
sdit,,,,
il,,,,
ss,,,,
sAhs,,,,
stonscamarades,,,,
s,,,,
sfitsMmesMoreausavecsunsricanementsdesm,,,,
pris,,,,
s,,,,
sL,,,,
heuresestsbienschoisie,,,,
svraiments,,,,
s,,,,
ssFr,,,,
d,,,,
ricsh,,,,
sitait,,,,
sMaissl,,,,
amiti,,,,
sfutsplussforte,,,,
sIlspritssonschapeau,,,,
ss,,,,
sAusmoins,,,,
snessoisspasslongtempss,,,,
s,,,,
sluisditssasm,,,,
re,,,,
ssChapitres,,,,
ssLesp,,,,
resdesCharlessDeslauriers,,,,
sancienscapitainesdesligne,,,,
sd,,,,
missionnairesens,,,,
s,,,,
taitsrevenussesmariers,,,,
sNogent,,,,
set,,,,
savecsl,,,,
argentsdeslasdot,,,,
savaitsachet,,,,
suneschargesd,,,,
huissier,,,,
ssuffisants,,,,
speinespourslesfairesvivre,,,,
sAigrisparsdeslonguessinjustices,,,,
ssouffrantsdessessvieillessblessures,,,,
setstoujourssregrettantsl,,,,
Empereur,,,,
silsd,,,,
gorgeaitssurssonsentourageslesscol,,,,
ressquisl,,,,
touffaient,,,,
sPeusd,,,,
enfantssfurentsplussbattussquessonsfils,,,,
sLesgaminsnesc,,,,
daitspas,,,,
smalgr,,,,
slesscoups,,,,
sSasm,,,,
re,,,,
squandsellest,,,,
chaitsdess,,,,
interposer,,,,
s,,,,
taitsrudoy,,,,
escommeslui,,,,
sEnfinslesCapitaineslespla,,,,
asdansssons,,,,
tude,,,,
setstoutsleslongsdusjour,,,,
silslestenaitscourb,,,,
ssurssonspupitres,,,,
scopiersdessactes,,,,
scesquisluisrenditsl,,,,
paulesdroitesvisiblementsplussfortesquesl,,,,
autre,,,,
ssEns,,,,
sd,,,,
apr,,,,
ssl,,,,
invitationsdesM,,,,
slespr,,,,
sident,,,,
slesCapitainesvenditssons,,,,
tude,,,,
sSasfemmesmourutsd,,,,
unscancer,,,,
sIlsallasvivres,,,,
sDijons,,,,
sensuitesilss,,,,
tablitsmarchandsd,,,,
hommess,,,,
sTroyess,,,,
set,,,,
sayantsobtenuspoursCharlessunesdemi,,,,
bourse,,,,
slesmitsauscoll,,,,
gesdesSens,,,,
so,,,,
sFr,,,,
d,,,,
ricslesreconnut,,,,
sMaissl,,,,
unsavaitsdouzesans,,,,
sl,,,,
autresquinzes,,,,
sd,,,,
ailleurs,,,,
smillesdiff,,,,
rencessdescaract,,,,
resetsd,,,,
origineslesss,,,,
paraient,,,,
ssFr,,,,
d,,,,
ricsposs,,,,
daitsdansssascommodestoutesssortessdesprovisions,,,,
sdesschosessrecherch,,,,
es,,,,
sunsn,,,,
cessairesdestoilette,,,,
sparsexemple,,,,
sIlsaimaits,,,,
sdormirstardslesmatin,,,,
s,,,,
sregarderslesshirondelles,,,,
s,,,,
sliresdesspi,,,,
cessdesth,,,,
tre,,,,
set,,,,
sregrettantslessdouceurssdeslasmaison,,,,
silstrouvaitsrudeslasviesdescoll,,,,
ge,,,,
ssEllessemblaitsbonnesausfilssdesl,,,,
huissier,,,,
sIlstravaillaitssisbien,,,,
squ,,,,
ausboutsdeslassecondesann,,,,
e,,,,
silspassasdansslasclassesdesTroisi,,,,
me,,,,
sCependant,,,,
s,,,,
scausesdessaspauvret,,,,
sousdessonshumeursquerelleuse,,,,
sunessourdesmalveillancesl,,,,
entourait,,,,
sMaissunsdomestique,,,,
sunesfois,,,,
sl,,,,
ayantsappel,,,,
senfantsdesgueux,,,,
senspleinescoursdessMoyens,,,,
silsluissautas,,,,
slasgorgesetsl,,,,
auraitstu,,,,
ssansstroissma,,,,
tressd,,,,
tudessquisintervinrent,,,,
sFr,,,,
d,,,,
ric,,,,
semport,,,,
sd,,,,
admiration,,,,
slesserrasdansssessbras,,,,
sAspartirsdescesjour,,,,
sl,,,,
intimit,,,,
sfutscompl,,,,
te,,,,
sL,,,,
affectionsd,,,,
unsgrand,,,,
ssanssdoute,,,,
sflattaslasvanit,,,,
sduspetit,,,,
setsl,,,,
autresacceptascommesunsbonheurscesd,,,,
vouementsquiss,,,,
offrait,,,,
ssSonsp,,,,
re,,,,
spendantslessvacances,,,,
sleslaissaitsauscoll,,,,
ge,,,,
sUnestraductionsdesPlatonsouvertesparshasardsl,,,,
enthousiasma,,,,
sAlorssilss,,,,
pritsd,,,,
tudessm,,,,
taphysiquess,,,,
setssessprogr,,,,
ssfurentsrapides,,,,
scarsilslessabordaitsavecsdessforcessjeunessetsdanssl,,,,
orgueilsd,,,,
unesintelligencesquiss,,,,
affranchits,,,,
sJouffroy,,,,
sCousin,,,,
sLaromigui,,,,
re,,,,
sMalebranche,,,,
slessEcossais,,,,
stoutscesqueslasbiblioth,,,,
quescontenait,,,,
syspassa,,,,
sIlsavaitseusbesoinsd,,,,
ensvolerslasclef,,,,
spourssesprocurersdesslivres,,,,
ssLessdistractionssdesFr,,,,
d,,,,
rics,,,,
taientsmoinsss,,,,
rieuses,,,,
sIlsdessinasdansslasruesdessTrois,,,,
Roisslasg,,,,
n,,,,
alogiesdusChrist,,,,
ssculpt,,,,
essursunspoteau,,,,
spuisslesportailsdeslascath,,,,
drale,,,,
sApr,,,,
sslessdramessmoyens,,,,
ge,,,,
silsentamaslessm,,,,
moiress,,,,
sFroissart,,,,
sComines,,,,
sPierresdesl,,,,
Estoile,,,,
sBrant,,,,
me,,,,
ssLessimagessquescesslecturessamenaients,,,,
ssonsespritsl,,,,
obs,,,,
daientssisfort,,,,
squ,,,,
ils,,,,
prouvaitslesbesoinsdeslessreproduire,,,,
sIlsambitionnaitsd,,,,
tresunsjourslesWaltersScottsdeslasFrance,,,,
sDeslaurierssm,,,,
ditaitsunsvastessyst,,,,
mesdesphilosophie,,,,
squisauraitslessapplicationsslessplusslointaines,,,,
ssIlsscausaientsdestoutscela,,,,
spendantslessr,,,,
cr,,,,
ations,,,,
sdansslascour,,,,
sensfacesdesl,,,,
inscriptionsmoralespeintessoussl,,,,
horloges,,,,
silssenschuchotaientsdansslaschapelle,,,,
s,,,,
slasbarbesdessaintsLouiss,,,,
silssensr,,,,
vaientsdansslesdortoir,,,,
sd,,,,
o,,,,
sl,,,,
onsdominesunscimeti,,,,
re,,,,
sLessjourssdespromenade,,,,
silsssesrangeaientsderri,,,,
reslessautres,,,,
setsilssparlaientsinterminablement,,,,
ssIlssparlaientsdescesqu,,,,
ilssferaientsplusstard,,,,
squandsilssseraientssortissduscoll,,,,
ge,,,,
sD,,,,
abord,,,,
silssentreprendraientsunsgrandsvoyagesavecsl,,,,
argentsquesFr,,,,
d,,,,
ricspr,,,,
l,,,,
veraitssurssasfortune,,,,
s,,,,
ssasmajorit,,,,
sPuissilssreviendraients,,,,
sParis,,,,
silsstravailleraientsensemble,,,,
snessesquitteraientspass,,,,
s,,,,
set,,,,
scommesd,,,,
lassements,,,,
sleursstravaux,,,,
silssauraientsdessamourssdesprincessessdanssdessboudoirssdessatin,,,,
sousdesfulgurantessorgiessavecsdesscourtisanessillustres,,,,
sDessdoutesssucc,,,,
daients,,,,
sleurssemportementssd,,,,
espoir,,,,
sApr,,,,
ssdesscrisessdesgaiet,,,,
sverbeuse,,,,
silsstombaientsdanssdesssilencessprofonds,,,,
ssLesssoirssd,,,,
t,,,,
squandsilssavaientsmarch,,,,
slongtempssparslesscheminsspierreuxsausbordsdessvignes,,,,
soussurslasgrandesroutesenspleinescampagne,,,,
setsqueslessbl,,,,
ssondulaientsaussoleil,,,,
standissquesdesssenteurssd,,,,
ang,,,,
liquespassaientsdanssl,,,,
air,,,,
sunessortesd,,,,
touffementslessprenait,,,,
setsilsss,,,,
tendaientssurslesdos,,,,
s,,,,
tourdis,,,,
senivr,,,,
s,,,,
sLessautres,,,,
sensmanchessdeschemise,,,,
sjouaientsauxsbarressousfaisaientspartirsdesscerfs,,,,
volants,,,,
sLespionslessappelait,,,,
sOnss,,,,
ensrevenait,,,,
senssuivantslessjardinssquestraversaientsdespetitssruisseaux,,,,
spuisslessboulevardssombrag,,,,
ssparslessvieuxsmurss,,,,
slessruessd,,,,
sertesssonnaientssoussleursspass,,,,
slasgrilless,,,,
ouvrait,,,,
sonsremontaitsl,,,,
escaliers,,,,
setsilss,,,,
taientstristesscommesapr,,,,
ssdesgrandessd,,,,
bauches,,,,
ssM,,,,
slescenseurspr,,,,
tendaitsqu,,,,
ilsss,,,,
exaltaientsmutuellement,,,,
sCependant,,,,
ssisFr,,,,
d,,,,
ricstravaillasdansslesshautessclasses,,,,
scesfutsparslessexhortationssdessonsamis,,,,
set,,,,
sauxsvacancessdes,,,,
silsl,,,,
emmenaschezssasm,,,,
re,,,,
ssLesjeuneshommesd,,,,
pluts,,,,
sMmesMoreau,,,,
sIlsmangeasextraordinairement,,,,
silsrefusasd,,,,
assisterslesdimanchesauxsoffices,,,,
silstenaitsdessdiscourssr,,,,
publicainss,,,,
senfin,,,,
sellescrutssavoirsqu,,,,
ilsavaitsconduitssonsfilssdanssdesslieuxsd,,,,
shonn,,,,
tes,,,,
sOnssurveillasleurssrelations,,,,
sIlssness,,,,
ensaim,,,,
rentsquesdavantages,,,,
setslessadieuxsfurentsp,,,,
nibles,,,,
squandsDeslauriers,,,,
sl,,,,
ann,,,,
essuivante,,,,
spartitsduscoll,,,,
ge,,,,
spours,,,,
tudierslesdroits,,,,
sParis,,,,
ssFr,,,,
d,,,,
ricscomptaitsbiensl,,,,
ysrejoindre,,,,
slissness,,,,
taientspassvussdepuissdeuxsanss,,,,
set,,,,
sleurssembrassadess,,,,
tantsfinies,,,,
silssall,,,,
rentssurslesspontssafinsdescauserspluss,,,,
sl,,,,
aise,,,,
ssLesCapitaine,,,,
squistenaitsmaintenantsunsbillards,,,,
sVillenauxe,,,,
ss,,,,
taitsf,,,,
ch,,,,
srougeslorsquessonsfilssavaitsr,,,,
clam,,,,
ssesscomptessdestutelle,,,,
setsm,,,,
mesluisavaitscoup,,,,
slessvivres,,,,
stoutsnet,,,,
sMaisscommesilsvoulaitsconcourirsplusstardspoursuneschairesdesprofesseurs,,,,
sl,,,,
Ecolesetsqu,,,,
ilsn,,,,
avaitspassd,,,,
argent,,,,
sDeslaurierssacceptaits,,,,
sTroyessunesplacesdesma,,,,
tresclercschezsunsavou,,,,
sAsforcesdesprivations,,,,
sils,,,,
conomiseraitsquatresmillesfrancss,,,,
set,,,,
ss,,,,
ilsnesdevaitsrienstouchersdeslassuccessionsmaternelle,,,,
silsauraitstoujourssdesquoistravaillerslibrement,,,,
spendantstroissann,,,,
es,,,,
sensattendantsunesposition,,,,
sIlsfallaitsdoncsabandonnersleursvieuxsprojetsdesvivresensemblesdansslasCapitale,,,,
spourslespr,,,,
sentsdusmoins,,,,
ssFr,,,,
d,,,,
ricsbaissaslast,,,,
te,,,,
sC,,,,
taitslespremiersdessessr,,,,
vessquiss,,,,
croulait,,,,
ss,,,,
sConsole,,,,
tois,,,,
sditslesfilssduscapitaine,,,,
s,,,,
slasviesestslongues,,,,
snousssommessjeunes,,,,
sJestesrejoindrais,,,,
sN,,,,
yspensespluss,,,,
s,,,,
ssIlslessecouaitsparslessmains,,,,
set,,,,
spourslesdistraire,,,,
sluisfitsdessquestionsssurssonsvoyage,,,,
ssFr,,,,
d,,,,
ricsn,,,,
eutspassgrand,,,,
choses,,,,
snarrer,,,,
sMais,,,,
saussouvenirsdesMmesArnoux,,,,
ssonschagrinss,,,,
vanouit,,,,
sIlsnespariaspassd,,,,
elle,,,,
sretenusparsunespudeur,,,,
sIlss,,,,
tenditsensrevanchessursArnoux,,,,
srapportantssessdiscours,,,,
ssessmani,,,,
res,,,,
ssessrelationss,,,,
setsDeslaurierssl,,,,
engageasfortements,,,,
scultiverscettesconnaissance,,,,
ssFr,,,,
d,,,,
ric,,,,
sdansscessderniersstempssn,,,,
avaitsriens,,,,
critssessopinionsslitt,,,,
rairess,,,,
taientschang,,,,
ess,,,,
silsestimaitspardessusstoutslaspassions,,,,
sWerther,,,,
sRen,,,,
sFrank,,,,
sLara,,,,
sL,,,,
liasetsd,,,,
autressplussm,,,,
diocressl,,,,
enthousiasmaientspresques,,,,
galement,,,,
sQuelquefoisslasmusiquesluissemblaitsseulescapablesd,,,,
exprimerssesstroublessint,,,,
rieurss,,,,
salors,,,,
silsr,,,,
vaitsdesssymphoniess,,,,
sousbienslassurfacesdesschosessl,,,,
appr,,,,
hendait,,,,
setsilsvoulaitspeindre,,,,
sIlsavaitscompos,,,,
sdessvers,,,,
spourtants,,,,
sDeslauriersslesstrouvasfortsbeaux,,,,
smaisssanssdemandersunesautrespi,,,,
ce,,,,
ssQuants,,,,
slui,,,,
silsnesdonnaitsplussdansslasm,,,,
taphysique,,,,
sL,,,,
conomiessocialesetslasR,,,,
volutionsfran,,,,
aiseslespr,,,,
occupaient,,,,
sC,,,,
tait,,,,
s,,,,
spr,,,,
sent,,,,
sunsgrandsdiablesdesvingt,,,,
deuxsans,,,,
smaigre,,,,
savecsuneslargesbouche,,,,
sl,,,,
airsr,,,,
solu,,,,
sIlsportait,,,,
scessoir,,,,
l,,,,
sunsmauvaisspaletotsdeslastings,,,,
setssesssoulierss,,,,
taientsblancssdespoussi,,,,
re,,,,
scarsilsavaitsfaitslasroutesdesVillenauxes,,,,
spied,,,,
sexpr,,,,
sspoursvoirsFr,,,,
d,,,,
ric,,,,
ssIsidoreslessaborda,,,,
sMadamespriaitsMonsieursdesrevenir,,,,
set,,,,
scraignantsqu,,,,
ilsn,,,,
e,,,,
tsfroid,,,,
sellesluisenvoyaitssonsmanteau,,,,
ss,,,,
sRestesdoncs,,,,
s,,,,
sditsDeslauriers,,,,
ssEtsilsscontinu,,,,
rents,,,,
ssespromenersd,,,,
unsbouts,,,,
sl,,,,
autresdessdeuxspontssquiss,,,,
appuientssursl,,,,
les,,,,
troite,,,,
sform,,,,
esparslescanalsetslasrivi,,,,
re,,,,
ssQuandsilssallaientsdusc,,,,
t,,,,
sdesNogent,,,,
silssavaient,,,,
sensface,,,,
sunsp,,,,
t,,,,
sdesmaisonsss,,,,
inclinantsquelquespeus,,,,
s,,,,
sdroite,,,,
sl,,,,
glisesapparaissaitsderri,,,,
reslessmoulinssdesboissdontslessvanness,,,,
taientsferm,,,,
ess,,,,
set,,,,
s,,,,
sgaucheslesshaiessd,,,,
arbustes,,,,
sleslongsdeslasrive,,,,
sterminaientsdessjardins,,,,
squesl,,,,
onsdistinguaits,,,,
speine,,,,
sMais,,,,
sdusc,,,,
t,,,,
sdesParis,,,,
slasgrandesroutesdescendaitsenslignesdroite,,,,
setsdessprairiesssesperdaientsausloin,,,,
sdansslessvapeurssdeslasnuit,,,,
sElles,,,,
taitssilencieusesetsd,,,,
unesclart,,,,
sblanch,,,,
tre,,,,
sDessodeurssdesfeuillageshumidesmontaientsjusqu,,,,
seuxs,,,,
slaschutesdeslasprisesd,,,,
eau,,,,
scentspassplussloin,,,,
smurmurait,,,,
savecscesgrossbruitsdouxsquesfontslessondessdansslesst,,,,
n,,,,
bres,,,,
ssDeslauriersss,,,,
arr,,,,
ta,,,,
setsilsdits,,,,
ss,,,,
sCessbonnessgenssquisdormentstranquilles,,,,
sc,,,,
estsdr,,,,
les,,,,
sPatiences,,,,
sunsnouveaus,,,,
ssespr,,,,
pares,,,,
sOnsestslassdesconstitutions,,,,
sdeschartes,,,,
sdessubtilit,,,,
s,,,,
sdesmensongess,,,,
sAhs,,,,
ssisj,,,,
avaissunsjournalsousunestribune,,,,
scommesjesvousssecoueraisstoutscelas,,,,
sMais,,,,
spoursentreprendresn,,,,
importesquoi,,,,
silsfautsdesl,,,,
argents,,,,
sQuellesmal,,,,
dictionsquesd,,,,
treslesfilssd,,,,
unscabaretiersetsdesperdressasjeunesses,,,,
slasqu,,,,
tesdessonspains,,,,
s,,,,
ssIlsbaissaslast,,,,
te,,,,
ssesmorditslessl,,,,
vres,,,,
setsilsgrelottaitssousssonsv,,,,
tementsmince,,,,
ssFr,,,,
d,,,,
ricsluisjetaslasmoiti,,,,
sdessonsmanteaussursless,,,,
paules,,,,
sIlsss,,,,
ensenvelopp,,,,
rentstoussdeuxs,,,,
set,,,,
ssestenantsparslastaille,,,,
silssmarchaientsdessous,,,,
sc,,,,
tes,,,,
sc,,,,
te,,,,
ss,,,,
sCommentsveux,,,,
tusquesjesvivesl,,,,
bas,,,,
ssansstois,,,,
s,,,,
sdisaitsFr,,,,
d,,,,
ric,,,,
sL,,,,
amertumesdessonsamisavaitsramen,,,,
ssastristesse,,,,
s,,,,
sJ,,,,
auraissfaitsquelqueschosesavecsunesfemmesquism,,,,
e,,,,
tsaim,,,,
sPourquoisris,,,,
tus,,,,
sL,,,,
amoursestslasp,,,,
turesetscommesl,,,,
atmosph,,,,
resdusg,,,,
nie,,,,
sLess,,,,
motionssextraordinairessproduisentsless,,,,
uvresssublimes,,,,
sQuants,,,,
schercherscellesqu,,,,
ilsmesfaudrait,,,,
sj,,,,
ysrenonces,,,,
sD,,,,
ailleurs,,,,
ssisjamaissjeslastrouve,,,,
sellesmesrepoussera,,,,
sJessuissdeslasracesdessd,,,,
sh,,,,
rit,,,,
s,,,,
setsjesm,,,,
teindraisavecsunstr,,,,
sorsquis,,,,
taitsdesstrasssousdesdiamant,,,,
sjesn,,,,
enssaissrien,,,,
s,,,,
ssL,,,,
ombresdesquelqu,,,,
unss,,,,
allongeassurslesspav,,,,
s,,,,
sensm,,,,
mestempssqu,,,,
ilssentendirentscessmotss,,,,
ss,,,,
sServiteur,,,,
smessieurss,,,,
s,,,,
ssCeluisquislesspronon,,,,
aits,,,,
taitsunspetitshomme,,,,
shabill,,,,
sd,,,,
unesamplesredingotesbrune,,,,
setscoiff,,,,
sd,,,,
unescasquetteslaissantspara,,,,
tressousslasvisi,,,,
resunsnezspointus,,,,
ss,,,,
sM,,,,
sRoques,,,,
sditsFr,,,,
d,,,,
ric,,,,
ss,,,,
sLui,,,,
m,,,,
mes,,,,
s,,,,
srepritslasvoix,,,,
ssLesNogentaissjustifiassaspr,,,,
sencesenscontantsqu,,,,
ilsrevenaitsd,,,,
inspecterssesspi,,,,
gess,,,,
sloup,,,,
sdansssonsjardin,,,,
sausbordsdesl,,,,
eau,,,,
ss,,,,
sEtsvoussvoil,,,,
sdesretoursdanssnosspayss,,,,
sTr,,,,
ssbiens,,,,
sj,,,,
aisapprisscelasparsmasfillette,,,,
sLassant,,,,
seststoujourssbonne,,,,
sj,,,,
esp,,,,
res,,,,
sVoussnespartezspassencores,,,,
s,,,,
ssEtsilss,,,,
ensalla,,,,
srebut,,,,
ssanssdoute,,,,
sparsl,,,,
accueilsdesFr,,,,
d,,,,
ric,,,,
ssMmesMoreau,,,,
senseffet,,,,
sneslesfr,,,,
quentaitspass,,,,
slesp,,,,
resRoquesvivaitsensconcubinagesavecssasbonne,,,,
setsonslesconsid,,,,
raitsfortspeu,,,,
sbiensqu,,,,
ilsf,,,,
tslescroupiersd,,,,
lections,,,,
slesr,,,,
gisseursdesM,,,,
sDambreuse,,,,
ss,,,,
sLesbanquiersquisdemeuresruesd,,,,
Anjous,,,,
s,,,,
srepritsDeslauriers,,,,
s,,,,
sSais,,,,
tuscesquestusdevraissfaire,,,,
smonsbraves,,,,
s,,,,
ssIsidoreslessinterrompitsencoresunesfois,,,,
sIlsavaitsordresdesramenersFr,,,,
d,,,,
ric,,,,
sd,,,,
finitivement,,,,
sMadamess,,,,
inqui,,,,
tait,,,,
sdessonsabsence,,,,
ss,,,,
sBien,,,,
sbiens,,,,
sonsysvas,,,,
sditsDeslaurierss,,,,
s,,,,
silsnesd,,,,
coucheraspas,,,,
s,,,,
ssEt,,,,
slesdomestiques,,,,
tantspartis,,,,
ss,,,,
sTusdevraissprierscesvieuxsdest,,,,
introduireschezslessDambreuses,,,,
sriensn,,,,
estsutilescommesdesfr,,,,
quentersunesmaisonsriches,,,,
sPuisquestusassunshabitsnoirsetsdessgantssblancs,,,,
sprofites,,,,
ens,,,,
sIlsfautsquestusaillessdansscesmondesl,,,,
s,,,,
sTusm,,,,
ysm,,,,
nerassplusstard,,,,
sUnshommes,,,,
smillions,,,,
spensesdoncs,,,,
sArrange,,,,
toispoursluisplaire,,,,
sets,,,,
ssasfemmesaussi,,,,
sDeviensssonsamants,,,,
s,,,,
ssFr,,,,
d,,,,
ricssesr,,,,
criait,,,,
ss,,,,
sMaissjestesdissl,,,,
sdesschosessclassiques,,,,
silsmessembles,,,,
sRappelle,,,,
toisRastignacsdansslasCom,,,,
dieshumaines,,,,
sTusr,,,,
ussiras,,,,
sj,,,,
enssuisss,,,,
rs,,,,
s,,,,
ssFr,,,,
d,,,,
ricsavaitstantsdesconfiancesensDeslauriers,,,,
squ,,,,
ilssessentits,,,,
branl,,,,
setsoubliantsMmesArnoux,,,,
souslascomprenantsdansslaspr,,,,
dictionsfaitessursl,,,,
autre,,,,
silsnesputss,,,,
emp,,,,
chersdessourire,,,,
ssLesclercsajoutas,,,,
ss,,,,
sDerniersconseils,,,,
spassestessexamenss,,,,
sUnstitreseststoujourssbons,,,,
setsl,,,,
che,,,,
moisfranchementstesspo,,,,
tesscatholiquessetssataniques,,,,
saussisavanc,,,,
ssensphilosophiesqu,,,,
onsl,,,,
taitsausXIIessi,,,,
cle,,,,
sTonsd,,,,
sespoirsestsb,,,,
te,,,,
sDestr,,,,
ssgrandssparticulierssontseusdesscommencementssplussdifficiles,,,,
s,,,,
scommencersparsMirabeau,,,,
sD,,,,
ailleurs,,,,
snotress,,,,
parationsnesseraspasssislongue,,,,
sJesferaisrendresgorges,,,,
smonsfilousdesp,,,,
re,,,,
sIlseststempssquesjesm,,,,
ensretourne,,,,
sadieus,,,,
s,,,,
sAs,,,,
tuscentssousspoursquesjespayesmonsd,,,,
ners,,,,
s,,,,
ssFr,,,,
d,,,,
ricsluisdonnasdixsfrancs,,,,
slesrestesdeslassommespriseslesmatins,,,,
sIsidore,,,,
ssCependants,,,,
svingtstoisessdessponts,,,,
ssurslasrivesgauche,,,,
suneslumi,,,,
resbrillaitsdansslaslucarnesd,,,,
unesmaisonsbasse,,,,
ssDeslaurierssl,,,,
aper,,,,
ut,,,,
sAlors,,,,
silsditsemphatiquement,,,,
stoutsensretirantssonschapeaus,,,,
ss,,,,
sV,,,,
nus,,,,
sreinesdesscieux,,,,
sserviteurs,,,,
sMaisslasP,,,,
nuriesestslasm,,,,
resdeslasSagesse,,,,
sNoussa,,,,
t,,,,
onsassezscalomni,,,,
sspours,,,,
a,,,,
smis,,,,
ricordes,,,,
s,,,,
ssCettesallusions,,,,
sunesaventurescommuneslessmitsensjoie,,,,
sIlssriaientstr,,,,
sshaut,,,,
sdansslessrues,,,,
ssPuis,,,,
sayantssold,,,,
ssasd,,,,
penses,,,,
sl,,,,
auberge,,,,
sDeslaurierssreconduisitsFr,,,,
d,,,,
ricsjusqu,,,,
auscarrefoursdesl,,,,
H,,,,
tel,,,,
Dieus,,,,
s,,,,
set,,,,
sapr,,,,
ssuneslongues,,,,
treinte,,,,
slessdeuxsamisssess,,,,
par,,,,
rent,,,,
ssChapitres,,,,
ssDeuxsmoissplusstard,,,,
sFr,,,,
d,,,,
ric,,,,
sd,,,,
barqu,,,,
sunsmatinsruesCoq,,,,
H,,,,
ron,,,,
ssongeasimm,,,,
diatements,,,,
sfairessasgrandesvisite,,,,
ssLeshasardsl,,,,
avaitsservi,,,,
sLesp,,,,
resRoques,,,,
taitsvenusluisapportersunsrouleausdespapiers,,,,
senslespriantsdeslessremettreslui,,,,
m,,,,
meschezsM,,,,
sDambreuses,,,,
setsilsaccompagnaitsl,,,,
envoisd,,,,
unsbilletsd,,,,
cachet,,,,
so,,,,
silspr,,,,
sentaitssonsjeunescompatriote,,,,
ssMmesMoreausparutssurprisesdescettesd,,,,
marche,,,,
sFr,,,,
d,,,,
ricsdissimulaslesplaisirsqu,,,,
ellesluiscausait,,,,
ssM,,,,
sDambreusess,,,,
appelaitsdessonsvraisnomslescomtesd,,,,
Ambreuses,,,,
smais,,,,
sd,,,,
ss,,,,
sabandonnantspeus,,,,
speussasnoblessesetssonsparti,,,,
silss,,,,
taitstourn,,,,
sverssl,,,,
industries,,,,
set,,,,
sl,,,,
oreillesdansstousslessbureaux,,,,
slasmainsdansstoutesslessentreprises,,,,
s,,,,
sl,,,,
aff,,,,
tsdessbonnessoccasions,,,,
ssubtilscommesunsGrecsetslaborieuxscommesunsAuvergnat,,,,
silsavaitsamass,,,,
sunesfortunesquesl,,,,
onsdisaitsconsid,,,,
rables,,,,
sdesplus,,,,
sils,,,,
taitsofficiersdeslasL,,,,
gionsd,,,,
honneur,,,,
smembresdusconseilsg,,,,
n,,,,
ralsdesl,,,,
Aube,,,,
sd,,,,
put,,,,
spairsdesFrancesunsdescessjourss,,,,
scomplaisantsdusreste,,,,
silsfatiguaitslesministresparssessdemandesscontinuellessdessecours,,,,
sdescroix,,,,
sdesbureauxsdestabacs,,,,
set,,,,
sdansssessbouderiesscontreslespouvoir,,,,
silsinclinaitsauscentresgauche,,,,
sSasfemme,,,,
slasjoliesMmesDambreuse,,,,
squescitaientslessjournauxsdesmodes,,,,
spr,,,,
sidaitslessassembl,,,,
essdescharit,,,,
sEnscajolantslessduchesses,,,,
sellesapaisaitslessrancunessdusnoblesfaubourgsetslaissaitscroiresquesM,,,,
sDambreusespouvaitsencoressesrepentirsetsrendresdessservices,,,,
ssLesjeuneshommes,,,,
taitstroubl,,,,
sensallantschezseux,,,,
ss,,,,
sJ,,,,
auraissmieuxsfaitsdesprendresmonshabit,,,,
sOnsm,,,,
inviterassanssdoutesausbalspourslassemainesprochaines,,,,
sQuesva,,,,
t,,,,
onsmesdires,,,,
s,,,,
ssL,,,,
aplombsluisrevintsenssongeantsquesM,,,,
sDambreusesn,,,,
taitsqu,,,,
unsbourgeois,,,,
setsilssautasgaillardementsdessonscabrioletssurslestrottoirsdeslasruesd,,,,
Anjou,,,,
ssQuandsilseutspouss,,,,
sunesdessdeuxsportesscoch,,,,
res,,,,
silstraversaslascour,,,,
sgravitslesperronsetsentrasdanssunsvestibulespav,,,,
sensmarbresdescouleur,,,,
ssUnsdoublesescaliersdroit,,,,
savecsunstapissrouges,,,,
sbaguettessdescuivre,,,,
ss,,,,
appuyaitscontreslesshautessmuraillessensstucsluisant,,,,
sIlsysavait,,,,
sausbassdessmarches,,,,
sunsbananiersdontslessfeuillesslargessretombaientssurslesvelourssdeslasrampe,,,,
sDeuxscand,,,,
labressdesbronzestenaientsdessglobessdesporcelainessuspenduss,,,,
sdesscha,,,,
nettess,,,,
slesssoupirauxsdesscalorif,,,,
ressb,,,,
antssexhalaientsunsairslourds,,,,
setsl,,,,
onsn,,,,
entendaitsqueslestic,,,,
tacsd,,,,
unesgrandeshorloge,,,,
sdress,,,,
es,,,,
sl,,,,
autresboutsdusvestibule,,,,
ssoussunespanoplie,,,,
ssUnstimbressonnas,,,,
sunsvaletsparut,,,,
setsintroduisitsFr,,,,
d,,,,
ricsdanssunespetitespi,,,,
ce,,,,
so,,,,
sl,,,,
onsdistinguaitsdeuxscoffres,,,,
forts,,,,
savecsdesscasierssremplissdescartons,,,,
sM,,,,
sDambreuses,,,,
crivaitsausmilieu,,,,
ssursunsbureaus,,,,
scylindre,,,,
ssIlsparcourutslaslettresdusp,,,,
resRoque,,,,
souvritsavecssonscanifslastoilesquisenfermaitslesspapiers,,,,
setslessexamina,,,,
ssDesloin,,,,
s,,,,
scausesdessastaillesmince,,,,
silspouvaitssemblersjeunesencore,,,,
sMaisssessraresscheveuxsblancs,,,,
ssessmembressd,,,,
bilessetssurtoutslasp,,,,
leursextraordinairesdessonsvisage,,,,
saccusaientsunstemp,,,,
ramentsd,,,,
labr,,,,
sUnes,,,,
nergiesimpitoyablesreposaitsdansssessyeuxsglauques,,,,
splussfroidssquesdessyeuxsdesverre,,,,
sIlsavaitslesspommettesssaillantes,,,,
setsdessmainss,,,,
sarticulationssnoueuses,,,,
ssEnfin,,,,
ss,,,,
tantslev,,,,
silsadressasausjeuneshommesquelquessquestionsssursdesspersonnessdesleursconnaissance,,,,
ssursNogent,,,,
ssurssess,,,,
tudess,,,,
spuissilslescong,,,,
diasenss,,,,
inclinant,,,,
sFr,,,,
d,,,,
ricssortitsparsunsautrescorridor,,,,
setssestrouvasdansslesbassdeslascour,,,,
saupr,,,,
ssdessremises,,,,
ssUnscoup,,,,
sbleu,,,,
sattel,,,,
sd,,,,
unschevalsnoir,,,,
sstationnaitsdevantslesperron,,,,
sLasporti,,,,
ress,,,,
ouvrit,,,,
sunesdamesysmonta,,,,
setslasvoiture,,,,
savecsunsbruitssourd,,,,
ssesmits,,,,
sroulerssurslessable,,,,
ssFr,,,,
d,,,,
ric,,,,
sensm,,,,
mestempssqu,,,,
elle,,,,
sarrivasdesl,,,,
autresc,,,,
t,,,,
ssousslasportescoch,,,,
re,,,,
sL,,,,
espacesn,,,,
tantspassassezslarge,,,,
silsfutscontraintsd,,,,
attendre,,,,
sLasjeunesfemme,,,,
spench,,,,
esensdehorssdusvasistas,,,,
sparlaitstoutsbassausconcierge,,,,
sIlsn,,,,
apercevaitsquessonsdos,,,,
scouvertsd,,,,
unesmantesviolette,,,,
sCependant,,,,
silsplongeaitsdanssl,,,,
int,,,,
rieursdeslasvoiture,,,,
stenduesdesrepssbleu,,,,
savecsdesspassementeriessetsdesseffil,,,,
ssdessoie,,,,
sLessv,,,,
tementssdeslasdamesl,,,,
emplissaients,,,,
silss,,,,
chappaitsdescettespetitesbo,,,,
tescapitonn,,,,
esunsparfumsd,,,,
iris,,,,
setscommesunesvaguessenteursd,,,,
l,,,,
gancessf,,,,
minines,,,,
sLescochersl,,,,
chaslessr,,,,
nes,,,,
sleschevalsfr,,,,
laslasbornesbrusquement,,,,
setstoutsdisparut,,,,
ssFr,,,,
d,,,,
ricss,,,,
ensrevints,,,,
spied,,,,
senssuivantslessboulevards,,,,
ssIlsregrettaitsdesn,,,,
avoirspusdistinguersMmesDambreuse,,,,
ssUnspeusplusshautsqueslasruesMontmartre,,,,
sunsembarrassdesvoituressluisfitstournerslast,,,,
tes,,,,
set,,,,
sdesl,,,,
autresc,,,,
t,,,,
sensface,,,,
silslutssursunesplaquesdesmarbres,,,,
ssJACQUESsARNOUX,,,,
ssCommentsn,,,,
avait,,,,
ilspasssong,,,,
s,,,,
selle,,,,
splusst,,,,
ts,,,,
sLasfautesvenaitsdesDeslauriers,,,,
setsilss,,,,
avan,,,,
asversslasboutique,,,,
silsn,,,,
entraspas,,,,
scependants,,,,
silsattenditsqu,,,,
ellespar,,,,
t,,,,
ssLesshautessglacesstransparentessoffraientsauxsregards,,,,
sdanssunesdispositionshabile,,,,
sdessstatuettes,,,,
sdessdessins,,,,
sdessgravures,,,,
sdesscatalogues,,,,
sdessnum,,,,
rossdesl,,,,
Artsindustriels,,,,
setslessprixsdesl,,,,
abonnements,,,,
taientsr,,,,
p,,,,
t,,,,
sssurslasporte,,,,
squesd,,,,
coraients,,,,
ssonsmilieu,,,,
slessinitialessdesl,,,,
diteur,,,,
sOnsapercevait,,,,
scontreslessmurs,,,,
sdesgrandsstableauxsdontslesvernissbrillait,,,,
spuis,,,,
sdansslesfondsdeuxsbahuts,,,,
scharg,,,,
ssdesporcelaines,,,,
sdesbronzes,,,,
sdescuriosit,,,,
ssall,,,,
chantess,,,,
sunspetitsescalierslesss,,,,
parait,,,,
sferm,,,,
sdanssleshautsparsunesporti,,,,
resdesmoquettes,,,,
setsunslustresensvieuxssaxe,,,,
sunstapissvertssurslesplancher,,,,
savecsunestablesensmarqueterie,,,,
sdonnaients,,,,
scetsint,,,,
rieursplut,,,,
tsl,,,,
apparencesd,,,,
unssalonsquesd,,,,
unesboutique,,,,
ssFr,,,,
d,,,,
ricsfaisaitssemblantsd,,,,
examinerslessdessins,,,,
sApr,,,,
ssdessh,,,,
sitationssinfinies,,,,
silsentra,,,,
ssUnsemploy,,,,
ssoulevaslasporti,,,,
re,,,,
setsr,,,,
ponditsquesMonsieursnesseraitspass,,,,
sausmagasins,,,,
savantscinqsheures,,,,
sMaisssislascommissionspouvaitssestransmettre,,,,
ss,,,,
sNons,,,,
sjesreviendrais,,,,
sr,,,,
pliquasdoucementsFr,,,,
d,,,,
ric,,,,
ssLessjoursssuivantssfurentsemploy,,,,
ss,,,,
ssescherchersunslogements,,,,
setsilssesd,,,,
cidaspoursuneschambresausseconds,,,,
tage,,,,
sdanssunsh,,,,
telsgarni,,,,
sruesSaint,,,,
Hyacinthe,,,,
ssEnsportantssousssonsbrassunsbuvardstoutsneuf,,,,
silssesrendits,,,,
sl,,,,
ouverturesdesscours,,,,
sTroisscentssjeunessgens,,,,
snu,,,,
t,,,,
te,,,,
semplissaientsunsamphith,,,,
treso,,,,
sunsvieillardsensrobesrougesdissertaitsd,,,,
unesvoixsmonotones,,,,
sdessplumessgrin,,,,
aientssurslespapier,,,,
sIlsretrouvaitsdansscettessallesl,,,,
odeurspoussi,,,,
reusesdessclasses,,,,
suneschairesdesformespareille,,,,
slesm,,,,
mesennuis,,,,
sPendantsquinzesjours,,,,
silsysretourna,,,,
sMaissonsn,,,,
taitspassencores,,,,
sl,,,,
articles,,,,
squ,,,,
ilsavaitsl,,,,
ch,,,,
slesCodescivil,,,,
setsilsabandonnaslessInstitutess,,,,
slasSummasdivisiospersonarum,,,,
ssLessjoiessqu,,,,
ilss,,,,
taitspromisessn,,,,
arrivaientspass,,,,
set,,,,
squandsilseuts,,,,
puis,,,,
sunscabinetsdeslecture,,,,
sparcouruslesscollectionssdusLouvre,,,,
setsplusieurssfoissdessuites,,,,
t,,,,
sausspectacle,,,,
silstombasdanssunsd,,,,
s,,,,
uvrementssanssfond,,,,
ssMilleschosessnouvellessajoutaients,,,,
ssastristesse,,,,
sIlsluisfallaitscompterssonslingesetssubirslesconcierge,,,,
srustres,,,,
stournuresd,,,,
infirmier,,,,
squisvenaitslesmatinsretaperssonslit,,,,
senssentantsl,,,,
alcoolsetsensgrommelant,,,,
sSonsappartement,,,,
sorn,,,,
sd,,,,
unespendulesd,,,,
alb,,,,
tre,,,,
sluisd,,,,
plaisait,,,,
sLesscloisonss,,,,
taientsmincess,,,,
silsentendaitsless,,,,
tudiantssfairesduspunch,,,,
srire,,,,
schanter,,,,
ssLassdescettessolitude,,,,
silsrecherchasunsdessessanciensscamaradessnomm,,,,
sBaptistesMartinons,,,,
setsilslesd,,,,
couvritsdanssunespensionsbourgeoisesdeslasruesSaint,,,,
Jacques,,,,
sb,,,,
chantssasproc,,,,
dure,,,,
sdevantsunsfeusdescharbonsdesterre,,,,
ssEnsfacesdeslui,,,,
sunesfemmesensrobesd,,,,
indiennesreprisaitsdesschaussettes,,,,
ssMartinons,,,,
taitscesqu,,,,
onsappellesunsfortsbelshommesgrand,,,,
sjoufflu,,,,
slasphysionomiesr,,,,
guli,,,,
resetsdessyeuxsbleu,,,,
tress,,,,
sfleursdest,,,,
tes,,,,
ssonsp,,,,
re,,,,
sunsgrosscultivateur,,,,
slesdestinaits,,,,
slasmagistrature,,,,
s,,,,
set,,,,
svoulantsd,,,,
j,,,,
spara,,,,
tress,,,,
rieux,,,,
silsportaitssasbarbestaill,,,,
esenscollier,,,,
ssCommeslessennuissdesFr,,,,
d,,,,
ricsn,,,,
avaientspointsdescausesraisonnablesetsqu,,,,
ilsnespouvaitsarguersd,,,,
aucunsmalheur,,,,
sMartinonsnescompritsriens,,,,
ssesslamentationsssursl,,,,
existence,,,,
sLui,,,,
silsallaitstousslessmatinss,,,,
sl,,,,
Ecole,,,,
ssespromenaitsensuitesdansslesLuxembourg,,,,
sprenaitslessoirssasdemi,,,,
tassesauscaf,,,,
set,,,,
savecsquinzescentssfrancssparsansetsl,,,,
amoursdescettesouvri,,,,
re,,,,
silssestrouvaitsparfaitementsheureux,,,,
ss,,,,
sQuelsbonheurs,,,,
s,,,,
sexclamasint,,,,
rieurementsFr,,,,
d,,,,
ric,,,,
ssIlsavaitsfaits,,,,
sl,,,,
Ecolesunesautresconnaissance,,,,
scellesdesM,,,,
sdesCisy,,,,
senfantsdesgrandesfamillesetsquissemblaitsunesdemoiselle,,,,
s,,,,
slasgentillessesdessessmani,,,,
res,,,,
ssM,,,,
sdesCisyss,,,,
occupaitsdesdessin,,,,
saimaitslesgothique,,,,
sPlusieurssfoissilssall,,,,
rentsensemblesadmirerslasSainte,,,,
ChapellesetsNotre,,,,
Dame,,,,
sMaisslasdistinctionsdusjeunespatriciensrecouvraitsunesintelligencesdessplusspauvres,,,,
sToutslessurprenaits,,,,
silsriaitsbeaucoups,,,,
slasmoindresplaisanterie,,,,
setsmontraitsunesing,,,,
nuit,,,,
ssiscompl,,,,
te,,,,
squesFr,,,,
d,,,,
ricslespritsd,,,,
abordspoursunsfarceur,,,,
setsfinalementslesconsid,,,,
rascommesunsnigaud,,,,
ssLess,,,,
panchementssn,,,,
taientsdoncspossiblessavecspersonnes,,,,
setsilsattendaitstoujourssl,,,,
invitationsdessDambreuse,,,,
ssAusjoursdesl,,,,
an,,,,
silsleursenvoyasdesscartessdesvisite,,,,
smaissilsn,,,,
ensre,,,,
utsaucune,,,,
ssIls,,,,
taitsretourn,,,,
s,,,,
sl,,,,
Artsindustriel,,,,
ssIlsysretournasunestroisi,,,,
mesfois,,,,
setsilsvitsenfinsArnouxsquissesdisputaitsausmilieusdescinqs,,,,
ssixspersonnessetsr,,,,
pondits,,,,
speines,,,,
ssonssaluts,,,,
sFr,,,,
d,,,,
ricsensfutsbless,,,,
sIlsn,,,,
enscherchaspassmoinsscommentsparvenirsjusqu,,,,
selle,,,,
ssIlseutsd,,,,
abordsl,,,,
id,,,,
esdessespr,,,,
senterssouvent,,,,
spoursmarchandersdesstableaux,,,,
sPuissilssongeas,,,,
sglissersdansslasbo,,,,
tesdusjournalsquelquessarticless,,,,
str,,,,
ssfortss,,,,
scesquisam,,,,
neraitsdessrelations,,,,
sPeut,,,,
tresvalait,,,,
ilsmieuxscourirsdroitsausbut,,,,
sd,,,,
clarerssonsamours,,,,
sAlors,,,,
silscomposasuneslettresdesdouzespages,,,,
spleinesdesmouvementsslyriquessetsd,,,,
apostrophess,,,,
smaissilslasd,,,,
chira,,,,
setsnesfitsrien,,,,
snestentasrien,,,,
s,,,,
simmobilis,,,,
sparslaspeursdesl,,,,
insucc,,,,
s,,,,
ssAu,,,,
dessussdeslasboutiquesd,,,,
Arnoux,,,,
silsysavaitsauspremiers,,,,
tagestroissfen,,,,
tres,,,,
s,,,,
clair,,,,
esschaquessoir,,,,
sDessombresscirculaientsparsderri,,,,
re,,,,
sunessurtouts,,,,
sc,,,,
taitslassiennes,,,,
s,,,,
setsilssesd,,,,
rangeaitsdestr,,,,
ssloinspoursregarderscessfen,,,,
tressetscontemplerscettesombre,,,,
ssUnesn,,,,
gresse,,,,
squ,,,,
ilscroisasunsjoursdansslessTuileriesstenantsunespetitesfillesparslasmain,,,,
sluisrappelaslasn,,,,
gressesdesMmesArnoux,,,,
sEllesdevaitsysvenirscommeslessautress,,,,
stoutesslessfoissqu,,,,
ilstraversaitslessTuileries,,,,
ssonsc,,,,
ursbattait,,,,
sesp,,,,
rantslasrencontrer,,,,
sLessjourssdessoleil,,,,
silscontinuaitssaspromenadesjusqu,,,,
ausboutsdessChamps,,,,
Elys,,,,
es,,,,
ssDessfemmes,,,,
snonchalammentsassisessdanssdesscal,,,,
ches,,,,
setsdontslessvoilessflottaientsausvent,,,,
sd,,,,
filaientspr,,,,
ssdeslui,,,,
sauspassfermesdesleursschevaux,,,,
savecsunsbalancementsinsensiblesquisfaisaitscraquerslesscuirssvernis,,,,
sLessvoituressdevenaientsplussnombreuses,,,,
set,,,,
ssesralentissants,,,,
spartirsdusRond,,,,
Point,,,,
sellessoccupaientstouteslasvoie,,,,
sLesscrini,,,,
ress,,,,
taientspr,,,,
ssdesscrini,,,,
res,,,,
slesslanternesspr,,,,
ssdesslanterness,,,,
sless,,,,
trierssd,,,,
acier,,,,
slessgourmettessd,,,,
argent,,,,
slessbouclessdescuivre,,,,
sjetaients,,,,
setsl,,,,
sdesspointsslumineuxsentreslessculottesscourtes,,,,
slessgantssblancs,,,,
setslessfourruressquisretombaientssurslesblasonsdessporti,,,,
res,,,,
sIlssessentaitscommesperdusdanssunsmondeslointain,,,,
sSessyeuxserraientssurslesst,,,,
tessf,,,,
mininess,,,,
setsdesvaguessressemblancessamenaients,,,,
ssasm,,,,
moiresMmesArnoux,,,,
sIlsseslasfigurait,,,,
sausmilieusdessautres,,,,
sdanssunsdescesspetitsscoup,,,,
s,,,,
spareilssauscoup,,,,
sdesMmesDambreuse,,,,
s,,,,
sMaisslessoleilssescouchait,,,,
setslesventsfroidssoulevaitsdesstourbillonssdespoussi,,,,
re,,,,
sLesscocherssbaissaientslesmentonsdanssleursscravates,,,,
slessrouesssesmettaients,,,,
stournersplussvite,,,,
slesmacadamsgrin,,,,
aits,,,,
setstoussless,,,,
quipagessdescendaientsausgrandstrotslaslonguesavenue,,,,
senssesfr,,,,
lant,,,,
ssesd,,,,
passant,,,,
ss,,,,
cartantslessunssdessautres,,,,
spuis,,,,
ssurslasplacesdeslasConcorde,,,,
ssesdispersaient,,,,
sDerri,,,,
reslessTuileries,,,,
slescielsprenaitslasteintesdessardoises,,,,
sLessarbressdusjardinsformaientsdeuxsmassess,,,,
normes,,,,
sviolac,,,,
essparslessommet,,,,
sLessbecssdesgazss,,,,
allumaients,,,,
setslasSeine,,,,
sverd,,,,
tresdansstoutessons,,,,
tendue,,,,
ssesd,,,,
chiraitsensmoiressd,,,,
argentscontreslesspilessdessponts,,,,
ssIlsallaitsd,,,,
ner,,,,
smoyennantsquarante,,,,
troisssolsslescachet,,,,
sdanssunsrestaurant,,,,
sruesdeslasHarpe,,,,
ssIlsregardaitsavecsd,,,,
dainslesvieuxscomptoirsd,,,,
acajou,,,,
slessserviettesstach,,,,
es,,,,
sl,,,,
argenteriescrasseusesetslesschapeauxssuspendusscontreslasmuraille,,,,
sCeuxsquisl,,,,
entouraients,,,,
taientsdess,,,,
tudiantsscommeslui,,,,
sIlsscausaientsdesleurssprofesseurs,,,,
sdesleurssma,,,,
tresses,,,,
sIlss,,,,
inqui,,,,
taitsbiensdessprofesseurss,,,,
sEst,,,,
cesqu,,,,
ilsavaitsunesma,,,,
tresses,,,,
sPours,,,,
vitersleurssjoies,,,,
silsarrivaitslesplusstardspossible,,,,
sDessrestessdesnourriturescouvraientstoutesslesstables,,,,
sLessdeuxsgar,,,,
onssfatigu,,,,
ssdormaientsdanssdesscoins,,,,
setsunesodeursdescuisine,,,,
sdesquinquetsetsdestabacsemplissaitslassallesd,,,,
serte,,,,
ssPuissilsremontaitslentementslessrues,,,,
sLessr,,,,
verb,,,,
resssesbalan,,,,
aient,,,,
sensfaisantstremblerssurslasbouesdeslongssrefletssjaun,,,,
tres,,,,
sDessombressglissaientsausbordsdesstrottoirs,,,,
savecsdessparapluies,,,,
sLespav,,,,
s,,,,
taitsgras,,,,
slasbrumestombait,,,,
setsilsluissemblaitsqueslesst,,,,
n,,,,
bresshumides,,,,
sl,,,,
enveloppant,,,,
sdescendaientsind,,,,
finimentsdansssonsc,,,,
ur,,,,
ssUnsremordsslesprit,,,,
sIlsretournasauxscours,,,,
sMaisscommesilsnesconnaissaitsriensauxsmati,,,,
ress,,,,
lucid,,,,
es,,,,
sdesschosesstr,,,,
sssimplessl,,,,
embarrass,,,,
rent,,,,
ssIlssesmits,,,,
s,,,,
criresunsromansintitul,,,,
s,,,,
sSylvio,,,,
slesfilssdusp,,,,
cheur,,,,
sLaschosessespassaits,,,,
sVenise,,,,
sLesh,,,,
ros,,,,
sc,,,,
taitslui,,,,
m,,,,
mes,,,,
sl,,,,
h,,,,
ro,,,,
ne,,,,
sMmesArnoux,,,,
sElless,,,,
appelaitsAntonias,,,,
s,,,,
set,,,,
spoursl,,,,
avoir,,,,
silsassassinaitsplusieurssgentilshommes,,,,
sbr,,,,
laitsunespartiesdeslasvillesetschantaitssousssonsbalcon,,,,
so,,,,
spalpitaients,,,,
slasbriseslessrideauxsensdamassrougesdusboulevardsMontmartre,,,,
sLessr,,,,
miniscencesstropsnombreusessdontsilss,,,,
aper,,,,
utslesd,,,,
courag,,,,
rents,,,,
silsn,,,,
allaspassplussloin,,,,
setssonsd,,,,
s,,,,
uvrementsredoubla,,,,
ssAlors,,,,
silssuppliasDeslaurierssdesvenirspartagerssaschambre,,,,
sIlsss,,,,
arrangeraientspoursvivresavecssessdeuxsmillesfrancssdespensions,,,,
stoutsvalaitsmieuxsquescettesexistencesintol,,,,
rable,,,,
sDeslaurierssnespouvaitsencoresquittersTroyes,,,,
sIlsl,,,,
engageaits,,,,
ssesdistraire,,,,
sets,,,,
sfr,,,,
quentersS,,,,
n,,,,
cal,,,,
ssS,,,,
n,,,,
cals,,,,
taitsunsr,,,,
p,,,,
titeursdesmath,,,,
matiques,,,,
shommesdesfortest,,,,
tesetsdesconvictionssr,,,,
publicaines,,,,
sunsfutursSaint,,,,
Just,,,,
sdisaitslesclerc,,,,
sFr,,,,
d,,,,
ricsavaitsmont,,,,
stroissfoisssesscinqs,,,,
tages,,,,
ssanssensrecevoirsaucunesvisite,,,,
sIlsn,,,,
ysretournasplus,,,,
ssIlsvoulutss,,,,
amuser,,,,
sIlssesrenditsauxsbalssdesl,,,,
Op,,,,
ra,,,,
sCessgaiet,,,,
sstumultueusesslesgla,,,,
aientsd,,,,
sslasporte,,,,
sD,,,,
ailleurs,,,,
sils,,,,
taitsretenusparslascraintesd,,,,
unsaffrontsp,,,,
cuniaire,,,,
ss,,,,
imaginantsqu,,,,
unssoupersavecsunsdominosentra,,,,
naits,,,,
sdessfraissconsid,,,,
rables,,,,
s,,,,
taitsunesgrossesaventure,,,,
ssIlsluissemblait,,,,
scependant,,,,
squ,,,,
onsdevaitsl,,,,
aimers,,,,
sQuelquefois,,,,
silssesr,,,,
veillaitslesc,,,,
urspleinsd,,,,
esp,,,,
rance,,,,
ss,,,,
habillaitssoigneusementscommespoursunsrendez,,,,
vous,,,,
setsilsfaisaitsdanssParissdesscoursessinterminables,,,,
sAschaquesfemmesquismarchaitsdevantslui,,,,
sousquiss,,,,
avan,,,,
aits,,,,
ssasrencontre,,,,
silssesdisaits,,,,
s,,,,
sLasvoil,,,,
s,,,,
s,,,,
sC,,,,
tait,,,,
schaquesfois,,,,
sunesd,,,,
ceptionsnouvelle,,,,
sL,,,,
id,,,,
esdesMmesArnouxsfortifiaitscessconvoitises,,,,
sIlslastrouveraitspeut,,,,
tressurssonschemins,,,,
setsilsimaginait,,,,
spoursl,,,,
aborder,,,,
sdesscomplicationssdushasard,,,,
sdessp,,,,
rilssextraordinairessdontsilslassauverait,,,,
ssAinsislessjoursss,,,,
coulaient,,,,
sdansslasr,,,,
p,,,,
titionsdessm,,,,
messennuissetsdesshabitudesscontract,,,,
es,,,,
sIlsfeuilletaitsdessbrochuresssousslessarcadessdesl,,,,
Od,,,,
on,,,,
sallaitslireslasRevuesdessDeuxsMondessauscaf,,,,
sentraitsdanssunessallesdusColl,,,,
gesdesFrance,,,,
s,,,,
coutaitspendantsunesheuresunesle,,,,
onsdeschinoissousd,,,,
conomiespolitique,,,,
sToutesslesssemaines,,,,
sils,,,,
crivaitslonguements,,,,
sDeslauriers,,,,
sd,,,,
naitsdestempssenstempssavecsMartinon,,,,
svoyaitsquelquefoissM,,,,
sdesCisy,,,,
ssIlslouasunspiano,,,,
setscomposasdessvalsessallemandes,,,,
ssUnssoir,,,,
sausth,,,,
tresdusPalais,,,,
Royal,,,,
silsaper,,,,
ut,,,,
sdanssuneslogesd,,,,
avant,,,,
sc,,,,
ne,,,,
sArnouxspr,,,,
ssd,,,,
unesfemme,,,,
sEtait,,,,
ceselles,,,,
sL,,,,
cransdestaffetassvert,,,,
stir,,,,
sausbordsdeslasloge,,,,
smasquaitssonsvisage,,,,
sEnfinslastoilesseslevas,,,,
sl,,,,
cranss,,,,
abattit,,,,
sC,,,,
taitsuneslonguespersonne,,,,
sdestrentesanssenviron,,,,
sfan,,,,
e,,,,
setsdontslessgrossessl,,,,
vressd,,,,
couvraient,,,,
sensriant,,,,
sdessdentsssplendides,,,,
sEllescausaitsfamili,,,,
rementsavecsArnouxsetsluisdonnaitsdesscoupssd,,,,
ventailssurslessdoigts,,,,
sPuissunesjeunesfillesblonde,,,,
slesspaupi,,,,
ressunspeusrougesscommessisellesvenaitsdespleurer,,,,
ss,,,,
assitsentreseux,,,,
sArnouxsrestasd,,,,
sslorss,,,,
sdemispench,,,,
ssurssons,,,,
paule,,,,
sensluistenantsdessdiscourssqu,,,,
elles,,,,
coutaitssanssr,,,,
pondre,,,,
sFr,,,,
d,,,,
ricss,,,,
ing,,,,
niaits,,,,
sd,,,,
couvrirslasconditionsdescessfemmes,,,,
smodestementshabill,,,,
essdesrobesssombres,,,,
s,,,,
scolssplatssrabattus,,,,
ssAslasfinsdusspectacle,,,,
silssespr,,,,
cipitasdansslesscouloirs,,,,
sLasfouleslessremplissait,,,,
sArnoux,,,,
sdevantslui,,,,
sdescendaitsl,,,,
escalier,,,,
smarches,,,,
smarche,,,,
sdonnantslesbrassauxsdeuxsfemmes,,,,
ssTouts,,,,
scoup,,,,
sunsbecsdesgazsl,,,,
claira,,,,
sIlsavaitsunscr,,,,
pes,,,,
ssonschapeau,,,,
sElles,,,,
taitsmorte,,,,
speut,,,,
tres,,,,
sCettesid,,,,
estourmentasFr,,,,
d,,,,
ricssisfortement,,,,
squ,,,,
ilscourutsleslendemains,,,,
sl,,,,
Artsindustriel,,,,
set,,,,
spayantsvitesunesdessgravuress,,,,
tal,,,,
essdevantslasmontre,,,,
silsdemandasausgar,,,,
onsdesboutiquescommentssesportaitsM,,,,
sArnoux,,,,
ssLesgar,,,,
onsr,,,,
pondits,,,,
ss,,,,
sMaisstr,,,,
ssbiens,,,,
s,,,,
ssFr,,,,
d,,,,
ricsajoutasensp,,,,
lissants,,,,
ss,,,,
sEtsMadames,,,,
ss,,,,
sMadame,,,,
saussis,,,,
s,,,,
ssFr,,,,
d,,,,
ricsoubliasd,,,,
emporterssasgravure,,,,
ssL,,,,
hiverssestermina,,,,
sIlsfutsmoinsstristesausprintemps,,,,
ssesmits,,,,
spr,,,,
parerssonsexamen,,,,
set,,,,
sl,,,,
ayantssubisd,,,,
unesfa,,,,
onsm,,,,
diocre,,,,
spartitsensuitespoursNogent,,,,
ssIlsn,,,,
allaspoints,,,,
sTroyessvoirssonsami,,,,
safinsd,,,,
viterslessobservationssdessasm,,,,
re,,,,
sPuis,,,,
s,,,,
slasrentr,,,,
e,,,,
silsabandonnassonslogementsetsprit,,,,
ssurslesquaisNapol,,,,
on,,,,
sdeuxspi,,,,
ces,,,,
squ,,,,
ilsmeubla,,,,
sL,,,,
espoirsd,,,,
unesinvitationschezslessDambreusesl,,,,
avaitsquitt,,,,
s,,,,
ssasgrandespassionspoursMmesArnouxscommen,,,,
aits,,,,
ss,,,,
teindre,,,,
ssChapitres,,,,
ssUnsmatinsdusmoissdesd,,,,
cembre,,,,
senssesrendantsauscourssdesproc,,,,
dure,,,,
silscrutsremarquersdansslasruesSaint,,,,
Jacquessplussd,,,,
animationsqu,,,,
sl,,,,
ordinaire,,,,
sLess,,,,
tudiantsssortaientspr,,,,
cipitammentsdesscaf,,,,
s,,,,
sou,,,,
sparslessfen,,,,
tressouvertes,,,,
silsss,,,,
appelaientsd,,,,
unesmaisons,,,,
sl,,,,
autres,,,,
slessboutiquiers,,,,
sausmilieusdustrottoir,,,,
sregardaientsd,,,,
unsairsinquiets,,,,
slessvoletsssesfermaients,,,,
set,,,,
squandsilsarrivasdansslasruesSoufflot,,,,
silsaper,,,,
utsunsgrandsrassemblementsautoursdusPanth,,,,
on,,,,
ssDessjeunessgens,,,,
sparsbandessin,,,,
galessdescinqs,,,,
sdouze,,,,
ssespromenaientsenssesdonnantslesbrassetsabordaientslessgroupessplussconsid,,,,
rablessquisstationnaients,,,,
setsl,,,,
s,,,,
sausfondsdeslasplace,,,,
scontreslessgrilles,,,,
sdesshommessensblousesp,,,,
roraient,,,,
standissque,,,,
slestricornessursl,,,,
oreillesetslessmainssderri,,,,
reslesdos,,,,
sdesssergentssdesvilleserraientsleslongsdessmurs,,,,
sensfaisantssonnerslessdallesssoussleurssfortessbottes,,,,
sToussavaientsunsairsmyst,,,,
rieux,,,,
s,,,,
bahis,,,,
sonsattendaitsquelqueschoses,,,,
videmments,,,,
schacunsretenaitsausbordsdessl,,,,
vressunesinterrogation,,,,
ssFr,,,,
d,,,,
ricssestrouvaitsaupr,,,,
ssd,,,,
unsjeuneshommesblond,,,,
s,,,,
sfiguresavenante,,,,
setsportantsmoustachesetsbarbichescommesunsraffin,,,,
sdustempssdesLouissXIII,,,,
sIlsluisdemandaslascausesdusd,,,,
sordre,,,,
ss,,,,
sJesn,,,,
enssaissrien,,,,
s,,,,
srepritsl,,,,
autre,,,,
s,,,,
sniseuxsnonspluss,,,,
sC,,,,
estsleursmodes,,,,
spr,,,,
sents,,,,
squellesbonnesfarces,,,,
s,,,,
ssEtsils,,,,
clatasdesrire,,,,
ssLessp,,,,
titionsspourslasR,,,,
forme,,,,
squesl,,,,
onsfaisaitssignersdansslasgardesnationale,,,,
sjointessausrecensementsHumann,,,,
sd,,,,
autress,,,,
v,,,,
nementssencore,,,,
samenaientsdepuisssixsmois,,,,
sdanssParis,,,,
sd,,,,
inexplicablessattroupementss,,,,
setsm,,,,
mesilsssesrenouvelaientssissouvent,,,,
squeslessjournauxsn,,,,
ensparlaientsplus,,,,
ss,,,,
sCelasmanquesdesgalbesetsdescouleurs,,,,
scontinuaslesvoisinsdesFr,,,,
d,,,,
ric,,,,
s,,,,
sLescuyde,,,,
smessire,,,,
squesnoussavonssd,,,,
g,,,,
n,,,,
r,,,,
s,,,,
sAslasbonnes,,,,
poquesdesLoyssonzi,,,,
me,,,,
svoiresdesBenjaminsConstant,,,,
silsysavaitsplussdesmutineriesparmislessescholiers,,,,
sleslesstreuvespacifiquesscommesmoutons,,,,
sb,,,,
tesscommescornichons,,,,
setsidoiness,,,,
sestres,,,,
piciers,,,,
sPasque,,,,
Dieus,,,,
sEtsvoil,,,,
scesqu,,,,
onsappelleslasJeunessesdess,,,,
coless,,,,
s,,,,
ssIls,,,,
cartaslessbras,,,,
slargement,,,,
scommesFr,,,,
d,,,,
ricsLema,,,,
tresdanssRobertsMacaire,,,,
ss,,,,
sJeunessesdess,,,,
coles,,,,
sjestesb,,,,
niss,,,,
s,,,,
ssEnsuite,,,,
sapostrophantsunschiffonnier,,,,
squisremuaitsdess,,,,
caillessd,,,,
hu,,,,
tresscontreslasbornesd,,,,
unsmarchandsdesvins,,,,
ss,,,,
sEnsfais,,,,
tuspartie,,,,
stoi,,,,
sdeslasJeunessesdess,,,,
coless,,,,
s,,,,
ssLesvieillardsrelevasunesfaceshideuseso,,,,
sl,,,,
onsdistinguait,,,,
sausmilieusd,,,,
unesbarbesgrise,,,,
sunsnezsrouge,,,,
setsdeuxsyeuxsavin,,,,
ssstupides,,,,
ss,,,,
sNons,,,,
stusmesparaissplut,,,,
tsunsdescesshommess,,,,
sfigurespatibulairesquesl,,,,
onsvoit,,,,
sdanssdiverssgroupes,,,,
ssemantsl,,,,
ors,,,,
spleinessmains,,,,
sOhs,,,,
ss,,,,
me,,,,
smonspatriarche,,,,
ss,,,,
mes,,,,
sCorromps,,,,
moisavecslesstr,,,,
sorssd,,,,
Albions,,,,
sAresyousEnglishs,,,,
sJesnesrepoussespasslesspr,,,,
sentssd,,,,
Artaxerx,,,,
ssCausonssunspeusdesl,,,,
unionsdouani,,,,
re,,,,
s,,,,
ssFr,,,,
d,,,,
ricssentitsquelqu,,,,
unsluistouchers,,,,
sl,,,,
paules,,,,
silssesretourna,,,,
sC,,,,
taitsMartinon,,,,
sprodigieusementsp,,,,
le,,,,
ss,,,,
sEhsbiens,,,,
sfit,,,,
ilsenspoussantsunsgrosssoupir,,,,
sencoresunes,,,,
meutes,,,,
s,,,,
ssIlsavaitspeursd,,,,
trescompromis,,,,
sseslamentait,,,,
sDesshommessensblouse,,,,
ssurtout,,,,
sl,,,,
inqui,,,,
taient,,,,
scommesappartenants,,,,
sdesssoci,,,,
t,,,,
sssecr,,,,
tes,,,,
ss,,,,
sEst,,,,
cesqu,,,,
ilsysasdesssoci,,,,
t,,,,
sssecr,,,,
tes,,,,
sditslesjeuneshommes,,,,
smoustaches,,,,
sC,,,,
estsunesvieillesblaguesdusGouvernement,,,,
spours,,,,
pouvanterslessbourgeoiss,,,,
s,,,,
ssMartinonsl,,,,
engageas,,,,
spariersplussbas,,,,
sdansslascraintesdeslaspolice,,,,
ss,,,,
sVousscroyezsencores,,,,
slaspolice,,,,
svouss,,,,
sAusfait,,,,
squessavez,,,,
vous,,,,
smonsieur,,,,
ssisjesnessuisspassmoi,,,,
m,,,,
mesunsmouchards,,,,
s,,,,
ssEtsilslesregardasd,,,,
unestellesmani,,,,
re,,,,
squesMartinon,,,,
sforts,,,,
mu,,,,
snescompritspointsd,,,,
abordslasplaisanterie,,,,
sLasfouleslesspoussait,,,,
setsilssavaients,,,,
t,,,,
sforc,,,,
s,,,,
stousslesstrois,,,,
sdessesmettressurslespetitsescaliersconduisant,,,,
sparsunscouloir,,,,
sdansslesnouvelsamphith,,,,
tre,,,,
ssBient,,,,
tslasmultitudessesfenditsd,,,,
elle,,,,
m,,,,
mes,,,,
splusieursst,,,,
tesssesd,,,,
couvrirents,,,,
sonssaluaitsl,,,,
illustresprofesseursSamuelsRondelot,,,,
squi,,,,
senvelopp,,,,
sdessasgrossesredingote,,,,
slevantsensl,,,,
airssesslunettessd,,,,
argentsetssoufflantsdessonsasthme,,,,
ss,,,,
avan,,,,
aits,,,,
spasstranquilles,,,,
spoursfairessonscours,,,,
sCetshommes,,,,
taitsunesdessgloiressjudiciairessdusXIXessi,,,,
cle,,,,
slesrivalsdessZacharioe,,,,
sdessRudorff,,,,
sSasdignit,,,,
snouvellesdespairsdesFrancesn,,,,
avaitsmodifi,,,,
sensrienssessallures,,,,
sOnslessavaitspauvre,,,,
setsunsgrandsrespectsl,,,,
entourait,,,,
ssCependant,,,,
sdusfondsdeslasplace,,,,
squelques,,,,
unsscri,,,,
rents,,,,
ss,,,,
sAsbassGuizots,,,,
ss,,,,
sAsbassPritchards,,,,
ss,,,,
sAsbasslessvenduss,,,,
ss,,,,
sAsbassLouis,,,,
Philippes,,,,
s,,,,
ssLasfoulesoscilla,,,,
set,,,,
ssespressantscontreslasportesdeslascoursquis,,,,
taitsferm,,,,
e,,,,
sellesemp,,,,
chaitslesprofesseursd,,,,
allersplussloin,,,,
sIlss,,,,
arr,,,,
tasdevantsl,,,,
escalier,,,,
sOnsl,,,,
aper,,,,
utsbient,,,,
tssurslasderni,,,,
resdesstroissmarches,,,,
sIlsparlas,,,,
sunsbourdonnementscouvritssasvoix,,,,
sBiensqu,,,,
onsl,,,,
aim,,,,
tstouts,,,,
sl,,,,
heure,,,,
sonslesha,,,,
ssaitsmaintenant,,,,
scarsilsrepr,,,,
sentaitsl,,,,
Autorit,,,,
sChaquesfoissqu,,,,
ilsessayaitsdessesfairesentendre,,,,
slesscrissrecommen,,,,
aient,,,,
sIlsfitsunsgrandsgestespoursengagersless,,,,
tudiantss,,,,
slessuivre,,,,
sUnesvocif,,,,
rationsuniversellesluisr,,,,
pondit,,,,
sIlshaussasless,,,,
paulessd,,,,
daigneusementsetss,,,,
enfon,,,,
asdansslescouloir,,,,
sMartinonsavaitsprofit,,,,
sdessasplacespoursdispara,,,,
tresensm,,,,
mestemps,,,,
ss,,,,
sQuelsl,,,,
ches,,,,
sditsFr,,,,
d,,,,
ric,,,,
ss,,,,
sIlsestsprudents,,,,
s,,,,
srepritsl,,,,
autre,,,,
ssLasfoules,,,,
clatasensapplaudissements,,,,
sCettesretraitesdusprofesseursdevenaitsunesvictoirespourselle,,,,
sAstoutesslessfen,,,,
tres,,,,
sdesscurieuxsregardaient,,,,
sQuelques,,,,
unssentonnaientslasMarseillaises,,,,
sd,,,,
autressproposaientsd,,,,
allerschezsB,,,,
ranger,,,,
ss,,,,
sChezsLaffites,,,,
ss,,,,
sChezsChateaubriands,,,,
ss,,,,
sChezsVoltaires,,,,
s,,,,
shurlaslesjeuneshommes,,,,
smoustachessblondes,,,,
ssLesssergentssdesvillest,,,,
chaientsdescirculer,,,,
sensdisantslesplussdoucementsqu,,,,
ilsspouvaients,,,,
ss,,,,
sPartez,,,,
smessieurs,,,,
spartez,,,,
sretirez,,,,
vouss,,,,
s,,,,
ssQuelqu,,,,
unscrias,,,,
ss,,,,
sAsbasslessassommeurss,,,,
s,,,,
ssC,,,,
taitsunesinjuresusuellesdepuisslesstroublessdusmoissdesseptembre,,,,
sTousslasr,,,,
p,,,,
t,,,,
rent,,,,
sOnshuait,,,,
sonssifflaitslessgardienssdesl,,,,
ordrespublics,,,,
silsscommen,,,,
aients,,,,
sp,,,,
lirs,,,,
sunsd,,,,
euxsn,,,,
ysr,,,,
sistasplus,,,,
set,,,,
savisantsunspetitsjeuneshommesquiss,,,,
approchaitsdestropspr,,,,
s,,,,
sensluisriantsausnez,,,,
silslesrepoussassisrudement,,,,
squ,,,,
ilslesfitstomberscinqspassplussloin,,,,
ssurslesdos,,,,
sdevantslasboutiquesdusmarchandsdesvin,,,,
sTousss,,,,
cart,,,,
rents,,,,
smaisspresquesaussit,,,,
tsilsroulaslui,,,,
m,,,,
me,,,,
sterrass,,,,
sparsunessortesd,,,,
Herculesdontslaschevelure,,,,
stellesqu,,,,
unspaquetsd,,,,
toupes,,,,
sd,,,,
bordaitssoussunescasquettesenstoilescir,,,,
e,,,,
ssArr,,,,
t,,,,
sdepuissquelquessminutessauscoinsdeslasruesSaint,,,,
Jacques,,,,
silsavaitsl,,,,
ch,,,,
sbiensvitesunslargescartonsqu,,,,
ilsportaitspoursbondirsversslessergentsdesvilleset,,,,
slestenantsrenvers,,,,
ssousslui,,,,
silslabouraitssasfaces,,,,
sgrandsscoupssdespoing,,,,
sLessautresssergentssaccoururent,,,,
sLesterriblesgar,,,,
ons,,,,
taitssisfort,,,,
squ,,,,
ilsensfallutsquatre,,,,
sausmoins,,,,
spourslesdompter,,,,
sDeuxslessecouaientsparslescollet,,,,
sdeuxsautresslestiraientsparslessbras,,,,
sunscinqui,,,,
mesluisdonnait,,,,
savecslesgenou,,,,
sdessbourradessdansslessreins,,,,
setstoussl,,,,
appelaientsbrigand,,,,
sassassin,,,,
s,,,,
meutier,,,,
sLaspoitrinesnuesetslessv,,,,
tementssenslambeaux,,,,
silsprotestaitsdessonsinnocences,,,,
silsn,,,,
avaitspu,,,,
sdessang,,,,
froid,,,,
svoirsbattresunsenfant,,,,
ss,,,,
sJesm,,,,
appellesDussardiers,,,,
schezsMM,,,,
sValin,,,,
artsfr,,,,
res,,,,
sdentellessetsnouveaut,,,,
s,,,,
sruesdesCl,,,,
ry,,,,
sO,,,,
sestsmonscartons,,,,
sJesveuxsmonscartons,,,,
sIlsr,,,,
p,,,,
taits,,,,
s,,,,
sDussardiers,,,,
sruesdesCl,,,,
ry,,,,
sMonscartons,,,,
s,,,,
ssIlss,,,,
apaisaspourtant,,,,
set,,,,
sd,,,,
unsairssto,,,,
que,,,,
sseslaissasconduiresversslespostesdeslasruesDescartes,,,,
sUnsflotsdesmondeslessuivit,,,,
sFr,,,,
d,,,,
ricsetslesjeuneshommes,,,,
smoustachessmarchaientsimm,,,,
diatementsparsderri,,,,
re,,,,
spleinssd,,,,
admirationspourslescommissetsr,,,,
volt,,,,
sscontreslasviolencesdusPouvoir,,,,
ssAsmesuresquesl,,,,
onsavan,,,,
ait,,,,
slasfoulesdevenaitsmoinssgrosse,,,,
ssLesssergentssdesville,,,,
sdestempss,,,,
sautre,,,,
ssesretournaientsd,,,,
unsairsf,,,,
roces,,,,
setslesstapageurssn,,,,
ayantsplussriens,,,,
sfaire,,,,
slesscurieuxsriens,,,,
svoir,,,,
stousss,,,,
ensallaientspeus,,,,
speu,,,,
sDesspassants,,,,
squesl,,,,
onscroisait,,,,
sconsid,,,,
raientsDussardiersetsseslivraientstoutshauts,,,,
sdesscommentairessoutrageants,,,,
sUnesvieillesfemme,,,,
ssurssasporte,,,,
ss,,,,
criasm,,,,
mesqu,,,,
ilsavaitsvol,,,,
sunspains,,,,
scettesinjusticesaugmentasl,,,,
irritationsdessdeuxsamis,,,,
sEnfinsonsarrivasdevantslescorpssdesgarde,,,,
sIlsnesrestaitsqu,,,,
unesvingtainesdespersonnes,,,,
sLasvuesdesssoldatsssuffitspourslessdisperser,,,,
ssFr,,,,
d,,,,
ricsetssonscamaradesr,,,,
clam,,,,
rent,,,,
shardiment,,,,
sceluisqu,,,,
onsvenaitsdesmettresensprison,,,,
sLesfactionnaireslessmena,,,,
a,,,,
ss,,,,
ilssinsistaient,,,,
sdeslessysfourrerseux,,,,
m,,,,
mes,,,,
sIlssdemand,,,,
rentsleschefsdusposte,,,,
setsd,,,,
clin,,,,
rentsleursnomsavecsleursqualit,,,,
sd,,,,
l,,,,
vessensdroit,,,,
saffirmantsqueslesprisonniers,,,,
taitsleurscondisciple,,,,
ssOnslessfitsentrersdanssunespi,,,,
cestoutesnue,,,,
so,,,,
squatresbancsss,,,,
allongeaientscontreslessmurssdespl,,,,
tre,,,,
senfum,,,,
s,,,,
sAusfond,,,,
sunsguichetss,,,,
ouvrit,,,,
sAlorssparutslesrobustesvisagesdesDussardier,,,,
squi,,,,
sdansslesd,,,,
sordresdessaschevelure,,,,
savecssesspetitssyeuxsfrancssetssonsnezscarr,,,,
sdusbout,,,,
srappelaitsconfus,,,,
mentslasphysionomiesd,,,,
unsbonschien,,,,
ss,,,,
sTusnesnoussreconnaisspass,,,,
s,,,,
sditsHussonnet,,,,
sC,,,,
taitslesnomsdusjeuneshommes,,,,
smoustaches,,,,
ss,,,,
sMais,,,,
s,,,,
sbalbutiasDussardier,,,,
ss,,,,
sNesfaissdoncsplussl,,,,
imb,,,,
ciles,,,,
srepritsl,,,,
autres,,,,
sonssaitsquestuses,,,,
scommesnous,,,,
s,,,,
l,,,,
vesensdroit,,,,
s,,,,
ssMalgr,,,,
sleurssclignementssdespaupi,,,,
res,,,,
sDussardiersnesdevinaitsrien,,,,
sIlsparutssesrecueillir,,,,
spuisstouts,,,,
scoups,,,,
ss,,,,
sA,,,,
t,,,,
onstrouv,,,,
smonscartons,,,,
s,,,,
ssFr,,,,
d,,,,
ricslevaslessyeux,,,,
sd,,,,
courag,,,,
sHussonnetsr,,,,
pliqua,,,,
ss,,,,
sAhs,,,,
stonscarton,,,,
so,,,,
stusmetsstessnotessdescourss,,,,
sOui,,,,
souis,,,,
srassure,,,,
tois,,,,
s,,,,
ssIlssredoublaientsleurspantomime,,,,
sDussardierscompritsenfinsqu,,,,
ilssvenaientspourslesservirs,,,,
setsilssestut,,,,
scraignantsdeslesscompromettre,,,,
sD,,,,
ailleurs,,,,
sils,,,,
prouvaitsunessortesdeshontesenssesvoyantshauss,,,,
sausrangssocialsd,,,,
tudiantsetslespareilsdescessjeunesshommessquisavaientsdessmainsssisblanches,,,,
ss,,,,
sVeux,,,,
tusfairesdiresquelqueschoses,,,,
squelqu,,,,
uns,,,,
sdemandasFr,,,,
d,,,,
ric,,,,
ss,,,,
sNon,,,,
smerci,,,,
s,,,,
spersonne,,,,
ss,,,,
sMaisstasfamilles,,,,
s,,,,
ssIlsbaissaslast,,,,
tessanssr,,,,
pondres,,,,
slespauvresgar,,,,
ons,,,,
taitsb,,,,
tard,,,,
sLessdeuxsamissrestaients,,,,
tonn,,,,
ssdessonssilence,,,,
ss,,,,
sAs,,,,
tusdesquoisfumers,,,,
s,,,,
srepritsFr,,,,
d,,,,
ric,,,,
ssIlssespalpa,,,,
spuissretirasdusfondsdessaspocheslessd,,,,
brissd,,,,
unespipe,,,,
s,,,,
sunesbellespipesens,,,,
cumesdesmer,,,,
savecsunstuyausensboissnoir,,,,
sunscouverclesd,,,,
argentsetsunsboutsd,,,,
ambre,,,,
ssDepuisstroissans,,,,
silstravaillaits,,,,
sensfairesunschef,,,,
d,,,,
uvre,,,,
sIlsavaitseussoinsd,,,,
enstenirslesfourneausconstammentsserr,,,,
sdanssunesgainesdeschamois,,,,
sdeslasfumerslesplusslentementspossible,,,,
ssanssjamaisslasposerssursdusmarbre,,,,
set,,,,
schaquessoir,,,,
sdeslassuspendresauschevetsdessonslit,,,,
sAspr,,,,
sent,,,,
silsenssecouaitslessmorceauxsdansssasmainsdontslessonglesssaignaients,,,,
set,,,,
slesmentonssurslaspoitrine,,,,
slessprunellessfixes,,,,
sb,,,,
ant,,,,
silscontemplaitscessruinessdessasjoiesavecsunsregardsd,,,,
unesineffablestristesse,,,,
ss,,,,
sSisnoussluisdonnionssdesscigares,,,,
sheins,,,,
s,,,,
sditstoutsbassHussonnet,,,,
sensfaisantslesgestesd,,,,
ensatteindre,,,,
ssFr,,,,
d,,,,
ricsavaitsd,,,,
j,,,,
spos,,,,
sausbordsdusguichet,,,,
sunsporte,,,,
cigaressrempli,,,,
ss,,,,
sPrendssdoncs,,,,
sAdieu,,,,
sbonscourages,,,,
s,,,,
ssDussardierssesjetassurslessdeuxsmainssquiss,,,,
avan,,,,
aient,,,,
sIlslessserraitsfr,,,,
n,,,,
tiquement,,,,
slasvoixsentrecoup,,,,
esparsdesssanglots,,,,
ss,,,,
sComments,,,,
s,,,,
smois,,,,
s,,,,
smois,,,,
s,,,,
ssLessdeuxsamisssesd,,,,
rob,,,,
rents,,,,
ssasreconnaissance,,,,
ssortirent,,,,
setsall,,,,
rentsd,,,,
jeunersensemblesauscaf,,,,
sTabourey,,,,
sdevantslesLuxembourg,,,,
ssToutsenss,,,,
parantslesbeefsteak,,,,
sHussonnetsapprits,,,,
ssonscompagnonsqu,,,,
ilstravaillaitsdanssdessjournauxsdesmodessetsfabriquaitsdessr,,,,
clamesspoursl,,,,
Artsindustriel,,,,
ss,,,,
sChezsJacquessArnouxs,,,,
sditsFr,,,,
d,,,,
ric,,,,
ss,,,,
sVousslesconnaissezs,,,,
ss,,,,
sOuis,,,,
snons,,,,
sC,,,,
est,,,,
diresjesl,,,,
aisvu,,,,
sjesl,,,,
aisrencontr,,,,
s,,,,
ssIlsdemandasn,,,,
gligemments,,,,
sHussonnetss,,,,
ilsvoyaitsquelquefoisssasfemme,,,,
ss,,,,
sDestempss,,,,
sautres,,,,
srepritslesboh,,,,
me,,,,
ssFr,,,,
d,,,,
ricsn,,,,
osaspoursuivressessquestionss,,,,
scetshommesvenaitsdesprendresunesplacesd,,,,
mesur,,,,
esdansssasvies,,,,
silspayaslasnotesdusd,,,,
jeuner,,,,
ssanssqu,,,,
ilsyse,,,,
tsdeslaspartsdesl,,,,
autresaucunesprotestation,,,,
ssLassympathies,,,,
taitsmutuelles,,,,
silss,,,,
chang,,,,
rentsleurssadresses,,,,
setsHussonnetsl,,,,
invitascordialements,,,,
sl,,,,
accompagnersjusqu,,,,
slasruesdesFleurus,,,,
ssIlss,,,,
taientsausmilieusdusjardinsquandsl,,,,
employ,,,,
sd,,,,
Arnoux,,,,
sretenantssonshaleine,,,,
scontournassonsvisagesdanssunesgrimacesabominablesetssesmits,,,,
sfaireslescoq,,,,
sAlorsstousslesscoqssqu,,,,
ilsysavaitsauxsenvironssluisr,,,,
pondirentsparsdesscocoricossprolong,,,,
s,,,,
ss,,,,
sC,,,,
estsunssignals,,,,
sditsHussonnet,,,,
ssIlsss,,,,
arr,,,,
t,,,,
rentspr,,,,
ssdusth,,,,
tresBobino,,,,
sdevantsunesmaisonso,,,,
sl,,,,
onsp,,,,
n,,,,
traitsparsunesall,,,,
e,,,,
sDansslaslucarnesd,,,,
unsgrenier,,,,
sentresdesscapucinessetsdesspoissdessenteur,,,,
sunesjeunesfemmessesmontra,,,,
snu,,,,
t,,,,
te,,,,
senscorset,,,,
setsappuyantssessdeuxsbrasscontreslesbordsdeslasgoutti,,,,
re,,,,
ss,,,,
sBonjour,,,,
smonsange,,,,
sbonjour,,,,
sbibiches,,,,
sfitsHussonnet,,,,
sensluisenvoyantsdessbaisers,,,,
ssIlsouvritslasbarri,,,,
resd,,,,
unscoupsdespied,,,,
setsdisparut,,,,
ssFr,,,,
d,,,,
ricsl,,,,
attenditstouteslassemaine,,,,
sIlsn,,,,
osaitsallerschezslui,,,,
spoursn,,,,
avoirspointsl,,,,
airsimpatientsdessesfairesrendres,,,,
sd,,,,
jeuners,,,,
smaissilslescherchasparstoutslesquartierslatin,,,,
sIlslesrencontrasunssoir,,,,
setsl,,,,
emmenasdansssaschambressurslesquaisNapol,,,,
on,,,,
ssLascauseriesfutslongues,,,,
silsss,,,,
panch,,,,
rent,,,,
sHussonnetsambitionnaitslasgloiresetslessprofitssdusth,,,,
tre,,,,
sIlscollaboraits,,,,
sdessvaudevillessnonsre,,,,
us,,,,
s,,,,
savaitsdessmassessdesplanss,,,,
stournaitslescouplets,,,,
silsenschantasquelques,,,,
uns,,,,
sPuis,,,,
sremarquantsdanssl,,,,
tag,,,,
resunsvolumesdesHugosetsunsautresdesLamartine,,,,
silssesr,,,,
panditsenssarcasmesssursl,,,,
colesromantique,,,,
sCesspo,,,,
tes,,,,
l,,,,
sn,,,,
avaientsnisbonssenssniscorrection,,,,
setsn,,,,
taientspassFran,,,,
ais,,,,
ssurtouts,,,,
sIlssesvantaitsdessavoirssaslanguesets,,,,
pluchaitslessphrasesslessplussbellessavecscettess,,,,
v,,,,
rit,,,,
shargneuse,,,,
scesgo,,,,
tsacad,,,,
miquesquisdistinguentslesspersonnessd,,,,
humeursfol,,,,
tresquandsellessabordentsl,,,,
artss,,,,
rieux,,,,
ssFr,,,,
d,,,,
ricsfutsbless,,,,
sdansssesspr,,,,
dilectionss,,,,
silsavaitsenviesdesrompre,,,,
sPourquoisnespasshasarder,,,,
stoutsdessuite,,,,
slesmotsd,,,,
o,,,,
ssonsbonheursd,,,,
pendaits,,,,
sIlsdemandasausgar,,,,
onsdeslettresss,,,,
ilspouvaitslespr,,,,
senterschezsArnoux,,,,
ssLaschoses,,,,
taitsfacile,,,,
setsilssconvinrentsdusjourssuivant,,,,
ssHussonnetsmanquaslesrendez,,,,
vouss,,,,
silsensmanquastroissautres,,,,
sUnssamedi,,,,
sverssquatresheures,,,,
silsapparut,,,,
sMais,,,,
sprofitantsdeslasvoiture,,,,
silss,,,,
arr,,,,
tasd,,,,
abordsausTh,,,,
tresFran,,,,
aisspoursavoirsunscouponsdesloges,,,,
silssesfitsdescendreschezsunstailleur,,,,
schezsunescouturi,,,,
res,,,,
sils,,,,
crivaitsdessbilletsschezslessconcierges,,,,
sEnfinsilssarriv,,,,
rentsboulevardsMontmartre,,,,
sFr,,,,
d,,,,
ricstraversaslasboutique,,,,
smontasl,,,,
escalier,,,,
sArnouxslesreconnutsdansslasglacesplac,,,,
esdevantssonsbureaus,,,,
set,,,,
stoutsenscontinuants,,,,
s,,,,
crire,,,,
sluistenditslasmainspar,,,,
dessussl,,,,
paule,,,,
ssCinqsoussixspersonnes,,,,
sdebout,,,,
semplissaientsl,,,,
appartements,,,,
troit,,,,
squ,,,,
clairaitsunesseulesfen,,,,
tresdonnantssurslascours,,,,
sunscanap,,,,
sensdamassdeslainesbrunesoccupantsausfondsl,,,,
int,,,,
rieursd,,,,
unesalc,,,,
ve,,,,
sentresdeuxsporti,,,,
ressd,,,,
toffessemblable,,,,
sSurslaschemin,,,,
escouvertesdespaperasses,,,,
silsysavaitsunesV,,,,
nussensbronzes,,,,
sdeuxscand,,,,
labres,,,,
sgarnissdesbougiessroses,,,,
slasflanquaientsparall,,,,
lement,,,,
sAsdroite,,,,
spr,,,,
ssd,,,,
unscartonnier,,,,
sunshommesdanssunsfauteuilslisaitslesjournal,,,,
sensgardantssonschapeaussurssast,,,,
tes,,,,
slessmuraillessdisparaissaientssoussdessestampessetsdesstableaux,,,,
sgravuresspr,,,,
cieusessousesquissessdesma,,,,
tresscontemporains,,,,
sorn,,,,
essdesd,,,,
dicaces,,,,
squist,,,,
moignaientspoursJacquessArnouxsdesl,,,,
affectionslasplusssinc,,,,
re,,,,
ss,,,,
sCelasvastoujourssbiens,,,,
s,,,,
sfit,,,,
ilsenssestournantsverssFr,,,,
d,,,,
ric,,,,
ssEt,,,,
ssanssattendressasr,,,,
ponse,,,,
silsdemandasbass,,,,
sHussonnets,,,,
ss,,,,
sCommentsl,,,,
appelez,,,,
vous,,,,
svotresamis,,,,
s,,,,
ssPuisstoutshauts,,,,
ss,,,,
sPrenezsdoncsunscigare,,,,
ssurslescartonnier,,,,
sdansslasbo,,,,
te,,,,
s,,,,
ssL,,,,
Artsindustriel,,,,
spos,,,,
sauspointscentralsdesParis,,,,
s,,,,
taitsunslieusdesrendez,,,,
vousscommode,,,,
sunsterrainsneutreso,,,,
slessrivalit,,,,
sssescoudoyaientsfamili,,,,
rement,,,,
sOnsysvoyaitscesjour,,,,
l,,,,
sAnt,,,,
norsBraive,,,,
sle,,,,
sportraitistesdessroiss,,,,
sJulessBurrieu,,,,
squiscommen,,,,
aits,,,,
spopularisersparssessdessinsslessguerressd,,,,
Alg,,,,
ries,,,,
slescaricaturistesSombaz,,,,
slessculpteursVourdat,,,,
sd,,,,
autressencore,,,,
setsaucunsnesr,,,,
pondaitsauxspr,,,,
jug,,,,
ssdesl,,,,
tudiant,,,,
sLeurssmani,,,,
ress,,,,
taientssimples,,,,
sleurssproposslibres,,,,
sLesmystiquesLovariassd,,,,
bitasunscontesobsc,,,,
nes,,,,
setsl,,,,
inventeursduspaysagesoriental,,,,
slesfameuxsDittmer,,,,
sportaitsunescamisolesdestricotssousssonsgilet,,,,
setspritsl,,,,
omnibusspourss,,,,
ensretourner,,,,
ssIlsfutsd,,,,
abordsquestionsd,,,,
unesnomm,,,,
esApollonie,,,,
sunsanciensmod,,,,
lesquesBurrieuspr,,,,
tendaitsavoirsreconnuessurslesboulevard,,,,
sdanssunesdaumont,,,,
sHussonnetsexpliquascettesm,,,,
tamorphosesparslass,,,,
riesdessessentreteneurs,,,,
ss,,,,
sCommescesgaillard,,,,
l,,,,
sconna,,,,
tslessfillessdesPariss,,,,
sditsArnoux,,,,
ss,,,,
sApr,,,,
ssvous,,,,
ss,,,,
ilsensreste,,,,
ssires,,,,
sr,,,,
pliquaslesboh,,,,
me,,,,
savecsunssalutsmilitaire,,,,
spoursimiterslesgrenadiersoffrantssasgourdes,,,,
sNapol,,,,
on,,,,
ssPuissonsdiscutasquelquesstoiles,,,,
so,,,,
slast,,,,
tesd,,,,
Apolloniasavaitsservi,,,,
sLessconfr,,,,
ressabsentssfurentscritiqu,,,,
s,,,,
sOnss,,,,
tonnaitsdusprixsdesleurss,,,,
uvress,,,,
setstousssesplaignaientsdesnespointsgagnerssuffisamment,,,,
slorsquesentrasunshommesdestaillesmoyenne,,,,
sl,,,,
habitsferm,,,,
sparsunsseulsbouton,,,,
slessyeuxsvifs,,,,
sl,,,,
airsunspeusfou,,,,
ss,,,,
sQuelstassdesbourgeoissvouss,,,,
tess,,,,
sdit,,,,
il,,,,
sQu,,,,
est,,,,
cesquescelasfait,,,,
smis,,,,
ricordes,,,,
sLessvieuxsquisconfectionnaientsdesschefs,,,,
d,,,,
uvresness,,,,
inqui,,,,
taientspassdusmillion,,,,
sCorr,,,,
ge,,,,
sMurillo,,,,
ss,,,,
sAjoutezsPellerins,,,,
sditsSombaz,,,,
ssMaisssanssreleversl,,,,
pigramme,,,,
silscontinuasdesdiscourirsavecstantsdesv,,,,
h,,,,
mence,,,,
squ,,,,
Arnouxsfutscontraintsdesluisr,,,,
p,,,,
tersdeuxsfoiss,,,,
ss,,,,
sMasfemmesasbesoinsdesvous,,,,
sjeudi,,,,
sN,,,,
oubliezspass,,,,
s,,,,
ssCettesparolesramenaslaspens,,,,
esdesFr,,,,
d,,,,
ricssursMmesArnoux,,,,
sSanssdoute,,,,
sonsp,,,,
n,,,,
traitschezsellesparslescabinetspr,,,,
ssdusdivans,,,,
sArnoux,,,,
spoursprendresunsmouchoir,,,,
svenaitsdesl,,,,
ouvrirs,,,,
sFr,,,,
d,,,,
ricsavaitsaper,,,,
u,,,,
sdansslesfond,,,,
sunslavabo,,,,
sMaissunessortesdesgrommellementssortitsduscoinsdeslaschemin,,,,
es,,,,
sc,,,,
taitslespersonnagesquislisaitssonsjournal,,,,
sdansslesfauteuil,,,,
sIlsavaitscinqspiedssneufspouces,,,,
slesspaupi,,,,
ressunspeustombantes,,,,
slascheveluresgrise,,,,
sl,,,,
airsmajestueuxs,,,,
setss,,,,
appelaitsRegimbart,,,,
ss,,,,
sQu,,,,
est,,,,
cesdonc,,,,
scitoyens,,,,
sditsArnoux,,,,
ss,,,,
sEncoresunesnouvellescanailleriesdusGouvernements,,,,
s,,,,
ssIlss,,,,
agissaitsdeslasdestitutionsd,,,,
unsma,,,,
tresd,,,,
cole,,,,
ssPellerinsrepritssonsparall,,,,
lesentresMichel,,,,
AngesetsShakespeare,,,,
sDittmerss,,,,
ensallait,,,,
sArnouxslesrattrapaspoursluismettresdansslasmainsdeuxsbilletssdesbanque,,,,
sAlors,,,,
sHussonnet,,,,
scroyantslesmomentsfavorables,,,,
ss,,,,
sVoussnespourriezspassm,,,,
avancer,,,,
smonscherspatrons,,,,
s,,,,
ssMaissArnouxss,,,,
taitsrassissetsgourmandaitsunsvieillardsd,,,,
aspectssordide,,,,
senslunettessbleues,,,,
ss,,,,
sAhs,,,,
svouss,,,,
tessjoli,,,,
sp,,,,
resIsaacs,,,,
sVoil,,,,
stroiss,,,,
uvressd,,,,
cri,,,,
es,,,,
sperduess,,,,
sToutslesmondessesfichesdesmois,,,,
sOnslessconna,,,,
tsmaintenants,,,,
sQuesvoulez,,,,
voussquesj,,,,
ensfasses,,,,
sIlsfaudrasquesjeslessenvoiesensCalifornies,,,,
sausdiables,,,,
sTaisez,,,,
vouss,,,,
s,,,,
ssLassp,,,,
cialit,,,,
sdescesbonhommesconsistaits,,,,
smettresausbassdescesstableauxsdesssignaturessdesma,,,,
tressanciens,,,,
sArnouxsrefusaitsdeslespayers,,,,
silslescong,,,,
diasbrutalement,,,,
sPuis,,,,
schangeantsdesmani,,,,
res,,,,
silssaluasunsmonsieursd,,,,
cor,,,,
sgourm,,,,
savecsfavorissetscravatesblanche,,,,
ssLescoudessursl,,,,
espagnolettesdeslasfen,,,,
tre,,,,
silsluisparlaspendantslongtemps,,,,
sd,,,,
unsairsmielleux,,,,
sEnfinsils,,,,
clatas,,,,
ss,,,,
sEhs,,,,
sjesnessuisspassembarrass,,,,
sd,,,,
avoirsdesscourtiers,,,,
smonsieurslescomtes,,,,
s,,,,
ssLesgentilhommess,,,,
tantsr,,,,
sign,,,,
sArnouxsluissoldasvingt,,,,
cinqslouis,,,,
set,,,,
sd,,,,
ssqu,,,,
ilsfutsdehorss,,,,
ss,,,,
sSont,,,,
ilssassommants,,,,
scessgrandssseigneurss,,,,
ss,,,,
sToussdessmis,,,,
rabless,,,,
s,,,,
smurmurasRegimbart,,,,
ssAsmesuresquesl,,,,
heuresavan,,,,
ait,,,,
slessoccupationssd,,,,
Arnouxsredoublaients,,,,
silsclassaitsdessarticles,,,,
sd,,,,
cachetaitsdesslettres,,,,
salignaitsdesscomptess,,,,
sausbruitsdusmarteausdansslesmagasin,,,,
ssortaitspourssurveillerslessemballages,,,,
spuissreprenaitssasbesogneset,,,,
stoutsensfaisantscourirssasplumesdesferssurslespapier,,,,
silsripostaitsauxsplaisanteries,,,,
sIlsdevaitsd,,,,
nerslessoirschezssonsavocat,,,,
setspartaitsleslendemainspourslasBelgique,,,,
ssLessautresscausaientsdesschosessdusjours,,,,
slesportraitsdesCherubini,,,,
sl,,,,
h,,,,
micyclesdessBeaux,,,,
Artssl,,,,
expositionsprochaine,,,,
sPellerinsd,,,,
blat,,,,
raitscontresl,,,,
Institut,,,,
sLesscancans,,,,
slessdiscussionsss,,,,
entrecroisaient,,,,
sL,,,,
appartement,,,,
sbassdesplafond,,,,
s,,,,
taitssisrempli,,,,
squ,,,,
onsnespouvaitsremuers,,,,
setslaslumi,,,,
resdessbougiessrosesspassaitsdansslasfum,,,,
esdesscigaresscommesdessrayonssdessoleilsdansslasbrume,,,,
ssLasporte,,,,
spr,,,,
ssdusdivan,,,,
ss,,,,
ouvrit,,,,
setsunesgrandesfemmesmincesentra,,,,
s,,,,
savecsdessgestessbrusquessquisfaisaientssonnerssurssasrobesenstaffetassnoirstoutesslessbreloquessdessasmontre,,,,
ssC,,,,
taitslasfemmesentrevue,,,,
sl,,,,
t,,,,
sdernier,,,,
sausPalaissRoyal,,,,
sQuelques,,,,
uns,,,,
sl,,,,
appelantsparssonsnom,,,,
s,,,,
chang,,,,
rentsavecsellesdesspoign,,,,
essdesmain,,,,
sHussonnetsavaitsenfinsarrach,,,,
sunescinquantainesdesfrancss,,,,
slaspendulessonnasseptsheuress,,,,
stousssesretir,,,,
rent,,,,
ssArnouxsdits,,,,
sPellerinsdesrester,,,,
setsconduisitsMllesVatnazsdansslescabinet,,,,
ssFr,,,,
d,,,,
ricsn,,,,
entendaitspassleurssparolessilsschuchotaient,,,,
sCependant,,,,
slasvoixsf,,,,
mininess,,,,
levas,,,,
ss,,,,
sDepuisssixsmoissquesl,,,,
affairesestsfaite,,,,
sj,,,,
attendsstoujourss,,,,
s,,,,
ssIlsyseutsunslongssilence,,,,
sMllesVatnazsreparut,,,,
sArnouxsluisavaitsencorespromissquelqueschose,,,,
ss,,,,
sOhs,,,,
sohs,,,,
splusstard,,,,
snoussverronss,,,,
ss,,,,
sAdieu,,,,
shommesheureuxs,,,,
s,,,,
sdit,,,,
elle,,,,
senss,,,,
ensallant,,,,
ssArnouxsrentrasvivementsdansslescabinet,,,,
s,,,,
crasasduscosm,,,,
